[     256ms] [INFO] %cDownload the React DevTools for a better development experience: https://react.dev/link/react-devtools font-weight:bold @ http://localhost:3000/_next/static/chunks/137q_next_dist_0ewclpe._.js:776
[     291ms] [LOG] [HMR] connected @ http://localhost:3000/_next/static/chunks/137q_next_dist_0ewclpe._.js:776
[  302777ms] [LOG] [Fast Refresh] rebuilding @ http://localhost:3000/_next/static/chunks/137q_next_dist_0ewclpe._.js:776
[  302778ms] [LOG] [Fast Refresh] done in 3ms @ http://localhost:3000/_next/static/chunks/137q_next_dist_0ewclpe._.js:776
[  310615ms] [LOG] [Fast Refresh] rebuilding @ http://localhost:3000/_next/static/chunks/137q_next_dist_0ewclpe._.js:776
[  310677ms] [LOG] [Fast Refresh] done in 4ms @ http://localhost:3000/_next/static/chunks/137q_next_dist_0ewclpe._.js:776
[  310741ms] [LOG] [Fast Refresh] done in 4ms @ http://localhost:3000/_next/static/chunks/137q_next_dist_0ewclpe._.js:776
[  310803ms] [LOG] [Fast Refresh] done in 4ms @ http://localhost:3000/_next/static/chunks/137q_next_dist_0ewclpe._.js:776
[  310865ms] [LOG] [Fast Refresh] done in 4ms @ http://localhost:3000/_next/static/chunks/137q_next_dist_0ewclpe._.js:776
[  310926ms] [LOG] [Fast Refresh] done in 4ms @ http://localhost:3000/_next/static/chunks/137q_next_dist_0ewclpe._.js:776
[  310989ms] [LOG] [Fast Refresh] done in 4ms @ http://localhost:3000/_next/static/chunks/137q_next_dist_0ewclpe._.js:776
[  311052ms] [LOG] [Fast Refresh] done in 4ms @ http://localhost:3000/_next/static/chunks/137q_next_dist_0ewclpe._.js:776
[  311114ms] [LOG] [Fast Refresh] done in 4ms @ http://localhost:3000/_next/static/chunks/137q_next_dist_0ewclpe._.js:776
[  311176ms] [LOG] [Fast Refresh] done in 4ms @ http://localhost:3000/_next/static/chunks/137q_next_dist_0ewclpe._.js:776
[  311238ms] [LOG] [Fast Refresh] done in 4ms @ http://localhost:3000/_next/static/chunks/137q_next_dist_0ewclpe._.js:776
[  311299ms] [LOG] [Fast Refresh] done in 4ms @ http://localhost:3000/_next/static/chunks/137q_next_dist_0ewclpe._.js:776
[  311361ms] [LOG] [Fast Refresh] done in 4ms @ http://localhost:3000/_next/static/chunks/137q_next_dist_0ewclpe._.js:776
[  311424ms] [LOG] [Fast Refresh] done in 4ms @ http://localhost:3000/_next/static/chunks/137q_next_dist_0ewclpe._.js:776
[  311487ms] [LOG] [Fast Refresh] done in 4ms @ http://localhost:3000/_next/static/chunks/137q_next_dist_0ewclpe._.js:776
[  311550ms] [LOG] [Fast Refresh] done in 4ms @ http://localhost:3000/_next/static/chunks/137q_next_dist_0ewclpe._.js:776
[  311612ms] [LOG] [Fast Refresh] done in 4ms @ http://localhost:3000/_next/static/chunks/137q_next_dist_0ewclpe._.js:776
[  311674ms] [LOG] [Fast Refresh] done in 4ms @ http://localhost:3000/_next/static/chunks/137q_next_dist_0ewclpe._.js:776
[  311723ms] [LOG] [Fast Refresh] done in 4ms @ http://localhost:3000/_next/static/chunks/137q_next_dist_0ewclpe._.js:776
[  311786ms] [LOG] [Fast Refresh] done in 4ms @ http://localhost:3000/_next/static/chunks/137q_next_dist_0ewclpe._.js:776
[  311847ms] [LOG] [Fast Refresh] done in 4ms @ http://localhost:3000/_next/static/chunks/137q_next_dist_0ewclpe._.js:776
[  311910ms] [LOG] [Fast Refresh] done in 4ms @ http://localhost:3000/_next/static/chunks/137q_next_dist_0ewclpe._.js:776
[  311971ms] [LOG] [Fast Refresh] done in 4ms @ http://localhost:3000/_next/static/chunks/137q_next_dist_0ewclpe._.js:776
[  312034ms] [LOG] [Fast Refresh] done in 4ms @ http://localhost:3000/_next/static/chunks/137q_next_dist_0ewclpe._.js:776
[  312096ms] [LOG] [Fast Refresh] done in 4ms @ http://localhost:3000/_next/static/chunks/137q_next_dist_0ewclpe._.js:776
[  312158ms] [LOG] [Fast Refresh] done in 4ms @ http://localhost:3000/_next/static/chunks/137q_next_dist_0ewclpe._.js:776
[  312220ms] [LOG] [Fast Refresh] done in 4ms @ http://localhost:3000/_next/static/chunks/137q_next_dist_0ewclpe._.js:776
[  312267ms] [LOG] [Fast Refresh] done in 4ms @ http://localhost:3000/_next/static/chunks/137q_next_dist_0ewclpe._.js:776
[  312330ms] [LOG] [Fast Refresh] done in 4ms @ http://localhost:3000/_next/static/chunks/137q_next_dist_0ewclpe._.js:776
[  312391ms] [LOG] [Fast Refresh] done in 4ms @ http://localhost:3000/_next/static/chunks/137q_next_dist_0ewclpe._.js:776
[  312453ms] [LOG] [Fast Refresh] done in 4ms @ http://localhost:3000/_next/static/chunks/137q_next_dist_0ewclpe._.js:776
[  312545ms] [LOG] [Fast Refresh] done in 4ms @ http://localhost:3000/_next/static/chunks/137q_next_dist_0ewclpe._.js:776
[  312608ms] [LOG] [Fast Refresh] done in 4ms @ http://localhost:3000/_next/static/chunks/137q_next_dist_0ewclpe._.js:776
[  317515ms] [LOG] [Fast Refresh] rebuilding @ http://localhost:3000/_next/static/chunks/137q_next_dist_0ewclpe._.js:776
[  317577ms] [LOG] [Fast Refresh] done in 16ms @ http://localhost:3000/_next/static/chunks/137q_next_dist_0ewclpe._.js:776
[  317639ms] [LOG] [Fast Refresh] done in 16ms @ http://localhost:3000/_next/static/chunks/137q_next_dist_0ewclpe._.js:776
[  317700ms] [LOG] [Fast Refresh] done in 16ms @ http://localhost:3000/_next/static/chunks/137q_next_dist_0ewclpe._.js:776
[  317763ms] [LOG] [Fast Refresh] done in 16ms @ http://localhost:3000/_next/static/chunks/137q_next_dist_0ewclpe._.js:776
[  317825ms] [LOG] [Fast Refresh] done in 16ms @ http://localhost:3000/_next/static/chunks/137q_next_dist_0ewclpe._.js:776
[  317887ms] [LOG] [Fast Refresh] done in 16ms @ http://localhost:3000/_next/static/chunks/137q_next_dist_0ewclpe._.js:776
[  317950ms] [LOG] [Fast Refresh] done in 16ms @ http://localhost:3000/_next/static/chunks/137q_next_dist_0ewclpe._.js:776
[  318012ms] [LOG] [Fast Refresh] done in 16ms @ http://localhost:3000/_next/static/chunks/137q_next_dist_0ewclpe._.js:776
[  318076ms] [LOG] [Fast Refresh] done in 16ms @ http://localhost:3000/_next/static/chunks/137q_next_dist_0ewclpe._.js:776
[  318138ms] [LOG] [Fast Refresh] done in 16ms @ http://localhost:3000/_next/static/chunks/137q_next_dist_0ewclpe._.js:776
[  318199ms] [LOG] [Fast Refresh] done in 16ms @ http://localhost:3000/_next/static/chunks/137q_next_dist_0ewclpe._.js:776
[  318261ms] [LOG] [Fast Refresh] done in 16ms @ http://localhost:3000/_next/static/chunks/137q_next_dist_0ewclpe._.js:776
[  318324ms] [LOG] [Fast Refresh] done in 16ms @ http://localhost:3000/_next/static/chunks/137q_next_dist_0ewclpe._.js:776
[  318387ms] [LOG] [Fast Refresh] done in 16ms @ http://localhost:3000/_next/static/chunks/137q_next_dist_0ewclpe._.js:776
[  318450ms] [LOG] [Fast Refresh] done in 16ms @ http://localhost:3000/_next/static/chunks/137q_next_dist_0ewclpe._.js:776
[  318513ms] [LOG] [Fast Refresh] done in 16ms @ http://localhost:3000/_next/static/chunks/137q_next_dist_0ewclpe._.js:776
[  318576ms] [LOG] [Fast Refresh] done in 16ms @ http://localhost:3000/_next/static/chunks/137q_next_dist_0ewclpe._.js:776
[  318638ms] [LOG] [Fast Refresh] done in 16ms @ http://localhost:3000/_next/static/chunks/137q_next_dist_0ewclpe._.js:776
[  318700ms] [LOG] [Fast Refresh] done in 16ms @ http://localhost:3000/_next/static/chunks/137q_next_dist_0ewclpe._.js:776
[  318763ms] [LOG] [Fast Refresh] done in 16ms @ http://localhost:3000/_next/static/chunks/137q_next_dist_0ewclpe._.js:776
[  318826ms] [LOG] [Fast Refresh] done in 16ms @ http://localhost:3000/_next/static/chunks/137q_next_dist_0ewclpe._.js:776
[  318889ms] [LOG] [Fast Refresh] done in 16ms @ http://localhost:3000/_next/static/chunks/137q_next_dist_0ewclpe._.js:776
[  318952ms] [LOG] [Fast Refresh] done in 16ms @ http://localhost:3000/_next/static/chunks/137q_next_dist_0ewclpe._.js:776
[  319015ms] [LOG] [Fast Refresh] done in 16ms @ http://localhost:3000/_next/static/chunks/137q_next_dist_0ewclpe._.js:776
[  319077ms] [LOG] [Fast Refresh] done in 16ms @ http://localhost:3000/_next/static/chunks/137q_next_dist_0ewclpe._.js:776
[  319139ms] [LOG] [Fast Refresh] done in 16ms @ http://localhost:3000/_next/static/chunks/137q_next_dist_0ewclpe._.js:776
[  319201ms] [LOG] [Fast Refresh] done in 16ms @ http://localhost:3000/_next/static/chunks/137q_next_dist_0ewclpe._.js:776
[  319263ms] [LOG] [Fast Refresh] done in 16ms @ http://localhost:3000/_next/static/chunks/137q_next_dist_0ewclpe._.js:776
[  319324ms] [LOG] [Fast Refresh] done in 16ms @ http://localhost:3000/_next/static/chunks/137q_next_dist_0ewclpe._.js:776
[  319388ms] [LOG] [Fast Refresh] done in 16ms @ http://localhost:3000/_next/static/chunks/137q_next_dist_0ewclpe._.js:776
[  319482ms] [LOG] [Fast Refresh] done in 16ms @ http://localhost:3000/_next/static/chunks/137q_next_dist_0ewclpe._.js:776
[  319545ms] [LOG] [Fast Refresh] done in 16ms @ http://localhost:3000/_next/static/chunks/137q_next_dist_0ewclpe._.js:776
[  319606ms] [LOG] [Fast Refresh] done in 16ms @ http://localhost:3000/_next/static/chunks/137q_next_dist_0ewclpe._.js:776
[  319668ms] [LOG] [Fast Refresh] done in 16ms @ http://localhost:3000/_next/static/chunks/137q_next_dist_0ewclpe._.js:776
[  319730ms] [LOG] [Fast Refresh] done in 16ms @ http://localhost:3000/_next/static/chunks/137q_next_dist_0ewclpe._.js:776
[  319792ms] [LOG] [Fast Refresh] done in 16ms @ http://localhost:3000/_next/static/chunks/137q_next_dist_0ewclpe._.js:776
[  319840ms] [LOG] [Fast Refresh] done in 16ms @ http://localhost:3000/_next/static/chunks/137q_next_dist_0ewclpe._.js:776
[  319903ms] [LOG] [Fast Refresh] done in 16ms @ http://localhost:3000/_next/static/chunks/137q_next_dist_0ewclpe._.js:776
[  319965ms] [LOG] [Fast Refresh] done in 16ms @ http://localhost:3000/_next/static/chunks/137q_next_dist_0ewclpe._.js:776
[  320027ms] [LOG] [Fast Refresh] done in 16ms @ http://localhost:3000/_next/static/chunks/137q_next_dist_0ewclpe._.js:776
[  320089ms] [LOG] [Fast Refresh] done in 16ms @ http://localhost:3000/_next/static/chunks/137q_next_dist_0ewclpe._.js:776
[  320136ms] [LOG] [Fast Refresh] done in 16ms @ http://localhost:3000/_next/static/chunks/137q_next_dist_0ewclpe._.js:776
[  320199ms] [LOG] [Fast Refresh] done in 16ms @ http://localhost:3000/_next/static/chunks/137q_next_dist_0ewclpe._.js:776
[  320260ms] [LOG] [Fast Refresh] done in 16ms @ http://localhost:3000/_next/static/chunks/137q_next_dist_0ewclpe._.js:776
[  320323ms] [LOG] [Fast Refresh] done in 16ms @ http://localhost:3000/_next/static/chunks/137q_next_dist_0ewclpe._.js:776
[  320385ms] [LOG] [Fast Refresh] done in 16ms @ http://localhost:3000/_next/static/chunks/137q_next_dist_0ewclpe._.js:776
[  320448ms] [LOG] [Fast Refresh] done in 16ms @ http://localhost:3000/_next/static/chunks/137q_next_dist_0ewclpe._.js:776
[  320510ms] [LOG] [Fast Refresh] done in 16ms @ http://localhost:3000/_next/static/chunks/137q_next_dist_0ewclpe._.js:776
[  320574ms] [LOG] [Fast Refresh] done in 16ms @ http://localhost:3000/_next/static/chunks/137q_next_dist_0ewclpe._.js:776
[  320637ms] [LOG] [Fast Refresh] done in 16ms @ http://localhost:3000/_next/static/chunks/137q_next_dist_0ewclpe._.js:776
[  320699ms] [LOG] [Fast Refresh] done in 16ms @ http://localhost:3000/_next/static/chunks/137q_next_dist_0ewclpe._.js:776
[  320761ms] [LOG] [Fast Refresh] done in 16ms @ http://localhost:3000/_next/static/chunks/137q_next_dist_0ewclpe._.js:776
[  320823ms] [LOG] [Fast Refresh] done in 16ms @ http://localhost:3000/_next/static/chunks/137q_next_dist_0ewclpe._.js:776
[  320885ms] [LOG] [Fast Refresh] done in 16ms @ http://localhost:3000/_next/static/chunks/137q_next_dist_0ewclpe._.js:776
[  320947ms] [LOG] [Fast Refresh] done in 16ms @ http://localhost:3000/_next/static/chunks/137q_next_dist_0ewclpe._.js:776
[  321009ms] [LOG] [Fast Refresh] done in 16ms @ http://localhost:3000/_next/static/chunks/137q_next_dist_0ewclpe._.js:776
[  321071ms] [LOG] [Fast Refresh] done in 16ms @ http://localhost:3000/_next/static/chunks/137q_next_dist_0ewclpe._.js:776
[  321133ms] [LOG] [Fast Refresh] done in 16ms @ http://localhost:3000/_next/static/chunks/137q_next_dist_0ewclpe._.js:776
[  321195ms] [LOG] [Fast Refresh] done in 16ms @ http://localhost:3000/_next/static/chunks/137q_next_dist_0ewclpe._.js:776
[  321245ms] [LOG] [Fast Refresh] done in 16ms @ http://localhost:3000/_next/static/chunks/137q_next_dist_0ewclpe._.js:776
[  321336ms] [LOG] [Fast Refresh] done in 16ms @ http://localhost:3000/_next/static/chunks/137q_next_dist_0ewclpe._.js:776
[  321397ms] [LOG] [Fast Refresh] done in 16ms @ http://localhost:3000/_next/static/chunks/137q_next_dist_0ewclpe._.js:776
[  321460ms] [LOG] [Fast Refresh] done in 16ms @ http://localhost:3000/_next/static/chunks/137q_next_dist_0ewclpe._.js:776
[  321523ms] [LOG] [Fast Refresh] done in 16ms @ http://localhost:3000/_next/static/chunks/137q_next_dist_0ewclpe._.js:776
[  321584ms] [LOG] [Fast Refresh] done in 16ms @ http://localhost:3000/_next/static/chunks/137q_next_dist_0ewclpe._.js:776
[  321646ms] [LOG] [Fast Refresh] done in 16ms @ http://localhost:3000/_next/static/chunks/137q_next_dist_0ewclpe._.js:776
[  321708ms] [LOG] [Fast Refresh] done in 16ms @ http://localhost:3000/_next/static/chunks/137q_next_dist_0ewclpe._.js:776
[  321770ms] [LOG] [Fast Refresh] done in 16ms @ http://localhost:3000/_next/static/chunks/137q_next_dist_0ewclpe._.js:776
[  321831ms] [LOG] [Fast Refresh] done in 16ms @ http://localhost:3000/_next/static/chunks/137q_next_dist_0ewclpe._.js:776
[  321893ms] [LOG] [Fast Refresh] done in 16ms @ http://localhost:3000/_next/static/chunks/137q_next_dist_0ewclpe._.js:776
[  321940ms] [LOG] [Fast Refresh] done in 16ms @ http://localhost:3000/_next/static/chunks/137q_next_dist_0ewclpe._.js:776
[  322002ms] [LOG] [Fast Refresh] done in 16ms @ http://localhost:3000/_next/static/chunks/137q_next_dist_0ewclpe._.js:776
[  322064ms] [LOG] [Fast Refresh] done in 16ms @ http://localhost:3000/_next/static/chunks/137q_next_dist_0ewclpe._.js:776
[  322125ms] [LOG] [Fast Refresh] done in 16ms @ http://localhost:3000/_next/static/chunks/137q_next_dist_0ewclpe._.js:776
[  322189ms] [LOG] [Fast Refresh] done in 16ms @ http://localhost:3000/_next/static/chunks/137q_next_dist_0ewclpe._.js:776
[  322250ms] [LOG] [Fast Refresh] done in 16ms @ http://localhost:3000/_next/static/chunks/137q_next_dist_0ewclpe._.js:776
[  322312ms] [LOG] [Fast Refresh] done in 16ms @ http://localhost:3000/_next/static/chunks/137q_next_dist_0ewclpe._.js:776
[  322375ms] [LOG] [Fast Refresh] done in 16ms @ http://localhost:3000/_next/static/chunks/137q_next_dist_0ewclpe._.js:776
[  322437ms] [LOG] [Fast Refresh] done in 16ms @ http://localhost:3000/_next/static/chunks/137q_next_dist_0ewclpe._.js:776
[  322499ms] [LOG] [Fast Refresh] done in 16ms @ http://localhost:3000/_next/static/chunks/137q_next_dist_0ewclpe._.js:776
[  322562ms] [LOG] [Fast Refresh] done in 16ms @ http://localhost:3000/_next/static/chunks/137q_next_dist_0ewclpe._.js:776
[  322610ms] [LOG] [Fast Refresh] done in 16ms @ http://localhost:3000/_next/static/chunks/137q_next_dist_0ewclpe._.js:776
[  322674ms] [LOG] [Fast Refresh] done in 16ms @ http://localhost:3000/_next/static/chunks/137q_next_dist_0ewclpe._.js:776
[  322736ms] [LOG] [Fast Refresh] done in 16ms @ http://localhost:3000/_next/static/chunks/137q_next_dist_0ewclpe._.js:776
[  322799ms] [LOG] [Fast Refresh] done in 16ms @ http://localhost:3000/_next/static/chunks/137q_next_dist_0ewclpe._.js:776
[  322863ms] [LOG] [Fast Refresh] done in 16ms @ http://localhost:3000/_next/static/chunks/137q_next_dist_0ewclpe._.js:776
[  322926ms] [LOG] [Fast Refresh] done in 16ms @ http://localhost:3000/_next/static/chunks/137q_next_dist_0ewclpe._.js:776
[  322989ms] [LOG] [Fast Refresh] done in 16ms @ http://localhost:3000/_next/static/chunks/137q_next_dist_0ewclpe._.js:776
[  323051ms] [LOG] [Fast Refresh] done in 16ms @ http://localhost:3000/_next/static/chunks/137q_next_dist_0ewclpe._.js:776
[  323114ms] [LOG] [Fast Refresh] done in 16ms @ http://localhost:3000/_next/static/chunks/137q_next_dist_0ewclpe._.js:776
[  323176ms] [LOG] [Fast Refresh] done in 16ms @ http://localhost:3000/_next/static/chunks/137q_next_dist_0ewclpe._.js:776
[  323223ms] [LOG] [Fast Refresh] done in 16ms @ http://localhost:3000/_next/static/chunks/137q_next_dist_0ewclpe._.js:776
[  323286ms] [LOG] [Fast Refresh] done in 16ms @ http://localhost:3000/_next/static/chunks/137q_next_dist_0ewclpe._.js:776
[  323348ms] [LOG] [Fast Refresh] done in 16ms @ http://localhost:3000/_next/static/chunks/137q_next_dist_0ewclpe._.js:776
[  323410ms] [LOG] [Fast Refresh] done in 16ms @ http://localhost:3000/_next/static/chunks/137q_next_dist_0ewclpe._.js:776
[  323471ms] [LOG] [Fast Refresh] done in 16ms @ http://localhost:3000/_next/static/chunks/137q_next_dist_0ewclpe._.js:776
[  323534ms] [LOG] [Fast Refresh] done in 16ms @ http://localhost:3000/_next/static/chunks/137q_next_dist_0ewclpe._.js:776
[  323588ms] [LOG] [Fast Refresh] done in 16ms @ http://localhost:3000/_next/static/chunks/137q_next_dist_0ewclpe._.js:776
[  323799ms] [LOG] [Fast Refresh] rebuilding @ http://localhost:3000/_next/static/chunks/137q_next_dist_0ewclpe._.js:776
[  323800ms] [LOG] [Fast Refresh] done in 111ms @ http://localhost:3000/_next/static/chunks/137q_next_dist_0ewclpe._.js:776
[  323900ms] [LOG] [Fast Refresh] done in 111ms @ http://localhost:3000/_next/static/chunks/137q_next_dist_0ewclpe._.js:776
[  323960ms] [LOG] [Fast Refresh] done in 111ms @ http://localhost:3000/_next/static/chunks/137q_next_dist_0ewclpe._.js:776
[  324050ms] [LOG] [Fast Refresh] done in 111ms @ http://localhost:3000/_next/static/chunks/137q_next_dist_0ewclpe._.js:776
[  324137ms] [LOG] [Fast Refresh] done in 111ms @ http://localhost:3000/_next/static/chunks/137q_next_dist_0ewclpe._.js:776
[  324200ms] [LOG] [Fast Refresh] done in 111ms @ http://localhost:3000/_next/static/chunks/137q_next_dist_0ewclpe._.js:776
[  324257ms] [LOG] [Fast Refresh] done in 111ms @ http://localhost:3000/_next/static/chunks/137q_next_dist_0ewclpe._.js:776
[  324321ms] [LOG] [Fast Refresh] done in 111ms @ http://localhost:3000/_next/static/chunks/137q_next_dist_0ewclpe._.js:776
[  324397ms] [LOG] [Fast Refresh] done in 111ms @ http://localhost:3000/_next/static/chunks/137q_next_dist_0ewclpe._.js:776
[  324463ms] [LOG] [Fast Refresh] done in 111ms @ http://localhost:3000/_next/static/chunks/137q_next_dist_0ewclpe._.js:776
[  324507ms] [LOG] [Fast Refresh] done in 111ms @ http://localhost:3000/_next/static/chunks/137q_next_dist_0ewclpe._.js:776
[  329584ms] [LOG] [Fast Refresh] rebuilding @ http://localhost:3000/_next/static/chunks/137q_next_dist_0ewclpe._.js:776
[  329754ms] [LOG] [Fast Refresh] done in 8ms @ http://localhost:3000/_next/static/chunks/137q_next_dist_0ewclpe._.js:776
[  329812ms] [LOG] [Fast Refresh] done in 8ms @ http://localhost:3000/_next/static/chunks/137q_next_dist_0ewclpe._.js:776
[  329880ms] [LOG] [Fast Refresh] done in 8ms @ http://localhost:3000/_next/static/chunks/137q_next_dist_0ewclpe._.js:776
[  329936ms] [LOG] [Fast Refresh] done in 8ms @ http://localhost:3000/_next/static/chunks/137q_next_dist_0ewclpe._.js:776
[  330017ms] [LOG] [Fast Refresh] done in 8ms @ http://localhost:3000/_next/static/chunks/137q_next_dist_0ewclpe._.js:776
[  330105ms] [LOG] [Fast Refresh] done in 8ms @ http://localhost:3000/_next/static/chunks/137q_next_dist_0ewclpe._.js:776
[  330190ms] [LOG] [Fast Refresh] done in 8ms @ http://localhost:3000/_next/static/chunks/137q_next_dist_0ewclpe._.js:776
[  330247ms] [LOG] [Fast Refresh] done in 8ms @ http://localhost:3000/_next/static/chunks/137q_next_dist_0ewclpe._.js:776
[  330312ms] [LOG] [Fast Refresh] done in 8ms @ http://localhost:3000/_next/static/chunks/137q_next_dist_0ewclpe._.js:776
[  330379ms] [LOG] [Fast Refresh] done in 8ms @ http://localhost:3000/_next/static/chunks/137q_next_dist_0ewclpe._.js:776
[  330442ms] [LOG] [Fast Refresh] done in 8ms @ http://localhost:3000/_next/static/chunks/137q_next_dist_0ewclpe._.js:776
[  330503ms] [LOG] [Fast Refresh] done in 8ms @ http://localhost:3000/_next/static/chunks/137q_next_dist_0ewclpe._.js:776
[  330566ms] [LOG] [Fast Refresh] done in 8ms @ http://localhost:3000/_next/static/chunks/137q_next_dist_0ewclpe._.js:776
[  330631ms] [LOG] [Fast Refresh] done in 8ms @ http://localhost:3000/_next/static/chunks/137q_next_dist_0ewclpe._.js:776
[  330685ms] [LOG] [Fast Refresh] done in 8ms @ http://localhost:3000/_next/static/chunks/137q_next_dist_0ewclpe._.js:776
[  330760ms] [LOG] [Fast Refresh] done in 8ms @ http://localhost:3000/_next/static/chunks/137q_next_dist_0ewclpe._.js:776
[  330826ms] [LOG] [Fast Refresh] done in 8ms @ http://localhost:3000/_next/static/chunks/137q_next_dist_0ewclpe._.js:776
[  330887ms] [LOG] [Fast Refresh] done in 8ms @ http://localhost:3000/_next/static/chunks/137q_next_dist_0ewclpe._.js:776
[  330962ms] [LOG] [Fast Refresh] done in 8ms @ http://localhost:3000/_next/static/chunks/137q_next_dist_0ewclpe._.js:776
[  331028ms] [LOG] [Fast Refresh] done in 8ms @ http://localhost:3000/_next/static/chunks/137q_next_dist_0ewclpe._.js:776
[  331089ms] [LOG] [Fast Refresh] done in 8ms @ http://localhost:3000/_next/static/chunks/137q_next_dist_0ewclpe._.js:776
[  331147ms] [LOG] [Fast Refresh] done in 8ms @ http://localhost:3000/_next/static/chunks/137q_next_dist_0ewclpe._.js:776
[  331210ms] [LOG] [Fast Refresh] done in 8ms @ http://localhost:3000/_next/static/chunks/137q_next_dist_0ewclpe._.js:776
[  331248ms] [LOG] [Fast Refresh] done in 8ms @ http://localhost:3000/_next/static/chunks/137q_next_dist_0ewclpe._.js:776
[  331311ms] [LOG] [Fast Refresh] done in 8ms @ http://localhost:3000/_next/static/chunks/137q_next_dist_0ewclpe._.js:776
[  331378ms] [LOG] [Fast Refresh] done in 8ms @ http://localhost:3000/_next/static/chunks/137q_next_dist_0ewclpe._.js:776
[  331442ms] [LOG] [Fast Refresh] done in 8ms @ http://localhost:3000/_next/static/chunks/137q_next_dist_0ewclpe._.js:776
[  331496ms] [LOG] [Fast Refresh] done in 8ms @ http://localhost:3000/_next/static/chunks/137q_next_dist_0ewclpe._.js:776
[  331558ms] [LOG] [Fast Refresh] done in 8ms @ http://localhost:3000/_next/static/chunks/137q_next_dist_0ewclpe._.js:776
[  331620ms] [LOG] [Fast Refresh] done in 8ms @ http://localhost:3000/_next/static/chunks/137q_next_dist_0ewclpe._.js:776
[  331683ms] [LOG] [Fast Refresh] done in 8ms @ http://localhost:3000/_next/static/chunks/137q_next_dist_0ewclpe._.js:776
[  331746ms] [LOG] [Fast Refresh] done in 8ms @ http://localhost:3000/_next/static/chunks/137q_next_dist_0ewclpe._.js:776
[  331809ms] [LOG] [Fast Refresh] done in 8ms @ http://localhost:3000/_next/static/chunks/137q_next_dist_0ewclpe._.js:776
[  331872ms] [LOG] [Fast Refresh] done in 8ms @ http://localhost:3000/_next/static/chunks/137q_next_dist_0ewclpe._.js:776
[  331934ms] [LOG] [Fast Refresh] done in 8ms @ http://localhost:3000/_next/static/chunks/137q_next_dist_0ewclpe._.js:776
[  331997ms] [LOG] [Fast Refresh] done in 8ms @ http://localhost:3000/_next/static/chunks/137q_next_dist_0ewclpe._.js:776
[  332045ms] [LOG] [Fast Refresh] done in 8ms @ http://localhost:3000/_next/static/chunks/137q_next_dist_0ewclpe._.js:776
[  332108ms] [LOG] [Fast Refresh] done in 8ms @ http://localhost:3000/_next/static/chunks/137q_next_dist_0ewclpe._.js:776
[  332156ms] [LOG] [Fast Refresh] done in 8ms @ http://localhost:3000/_next/static/chunks/137q_next_dist_0ewclpe._.js:776
[  332220ms] [LOG] [Fast Refresh] done in 8ms @ http://localhost:3000/_next/static/chunks/137q_next_dist_0ewclpe._.js:776
[  332283ms] [LOG] [Fast Refresh] done in 8ms @ http://localhost:3000/_next/static/chunks/137q_next_dist_0ewclpe._.js:776
[  332347ms] [LOG] [Fast Refresh] done in 8ms @ http://localhost:3000/_next/static/chunks/137q_next_dist_0ewclpe._.js:776
[  332408ms] [LOG] [Fast Refresh] done in 8ms @ http://localhost:3000/_next/static/chunks/137q_next_dist_0ewclpe._.js:776
[  332469ms] [LOG] [Fast Refresh] done in 8ms @ http://localhost:3000/_next/static/chunks/137q_next_dist_0ewclpe._.js:776
[  332531ms] [LOG] [Fast Refresh] done in 8ms @ http://localhost:3000/_next/static/chunks/137q_next_dist_0ewclpe._.js:776
[  332593ms] [LOG] [Fast Refresh] done in 8ms @ http://localhost:3000/_next/static/chunks/137q_next_dist_0ewclpe._.js:776
[  332655ms] [LOG] [Fast Refresh] done in 8ms @ http://localhost:3000/_next/static/chunks/137q_next_dist_0ewclpe._.js:776
[  332717ms] [LOG] [Fast Refresh] done in 8ms @ http://localhost:3000/_next/static/chunks/137q_next_dist_0ewclpe._.js:776
[  332779ms] [LOG] [Fast Refresh] done in 8ms @ http://localhost:3000/_next/static/chunks/137q_next_dist_0ewclpe._.js:776
[  332842ms] [LOG] [Fast Refresh] done in 8ms @ http://localhost:3000/_next/static/chunks/137q_next_dist_0ewclpe._.js:776
[  332903ms] [LOG] [Fast Refresh] done in 8ms @ http://localhost:3000/_next/static/chunks/137q_next_dist_0ewclpe._.js:776
[  332966ms] [LOG] [Fast Refresh] done in 8ms @ http://localhost:3000/_next/static/chunks/137q_next_dist_0ewclpe._.js:776
[  333028ms] [LOG] [Fast Refresh] done in 8ms @ http://localhost:3000/_next/static/chunks/137q_next_dist_0ewclpe._.js:776
[  333089ms] [LOG] [Fast Refresh] done in 8ms @ http://localhost:3000/_next/static/chunks/137q_next_dist_0ewclpe._.js:776
[  333154ms] [LOG] [Fast Refresh] done in 8ms @ http://localhost:3000/_next/static/chunks/137q_next_dist_0ewclpe._.js:776
[  333217ms] [LOG] [Fast Refresh] done in 8ms @ http://localhost:3000/_next/static/chunks/137q_next_dist_0ewclpe._.js:776
[  333280ms] [LOG] [Fast Refresh] done in 8ms @ http://localhost:3000/_next/static/chunks/137q_next_dist_0ewclpe._.js:776
[  333342ms] [LOG] [Fast Refresh] done in 8ms @ http://localhost:3000/_next/static/chunks/137q_next_dist_0ewclpe._.js:776
[  333404ms] [LOG] [Fast Refresh] done in 8ms @ http://localhost:3000/_next/static/chunks/137q_next_dist_0ewclpe._.js:776
[  333468ms] [LOG] [Fast Refresh] done in 8ms @ http://localhost:3000/_next/static/chunks/137q_next_dist_0ewclpe._.js:776
[  333517ms] [LOG] [Fast Refresh] done in 8ms @ http://localhost:3000/_next/static/chunks/137q_next_dist_0ewclpe._.js:776
[  333579ms] [LOG] [Fast Refresh] done in 8ms @ http://localhost:3000/_next/static/chunks/137q_next_dist_0ewclpe._.js:776
[  333641ms] [LOG] [Fast Refresh] done in 8ms @ http://localhost:3000/_next/static/chunks/137q_next_dist_0ewclpe._.js:776
[  333703ms] [LOG] [Fast Refresh] done in 8ms @ http://localhost:3000/_next/static/chunks/137q_next_dist_0ewclpe._.js:776
[  333765ms] [LOG] [Fast Refresh] done in 8ms @ http://localhost:3000/_next/static/chunks/137q_next_dist_0ewclpe._.js:776
[  333825ms] [LOG] [Fast Refresh] done in 8ms @ http://localhost:3000/_next/static/chunks/137q_next_dist_0ewclpe._.js:776
[  333886ms] [LOG] [Fast Refresh] done in 8ms @ http://localhost:3000/_next/static/chunks/137q_next_dist_0ewclpe._.js:776
[  333947ms] [LOG] [Fast Refresh] done in 8ms @ http://localhost:3000/_next/static/chunks/137q_next_dist_0ewclpe._.js:776
[  334009ms] [LOG] [Fast Refresh] done in 8ms @ http://localhost:3000/_next/static/chunks/137q_next_dist_0ewclpe._.js:776
[  334073ms] [LOG] [Fast Refresh] done in 8ms @ http://localhost:3000/_next/static/chunks/137q_next_dist_0ewclpe._.js:776
[  334136ms] [LOG] [Fast Refresh] done in 8ms @ http://localhost:3000/_next/static/chunks/137q_next_dist_0ewclpe._.js:776
[  334197ms] [LOG] [Fast Refresh] done in 8ms @ http://localhost:3000/_next/static/chunks/137q_next_dist_0ewclpe._.js:776
[  334260ms] [LOG] [Fast Refresh] done in 8ms @ http://localhost:3000/_next/static/chunks/137q_next_dist_0ewclpe._.js:776
[  334323ms] [LOG] [Fast Refresh] done in 8ms @ http://localhost:3000/_next/static/chunks/137q_next_dist_0ewclpe._.js:776
[  334386ms] [LOG] [Fast Refresh] done in 8ms @ http://localhost:3000/_next/static/chunks/137q_next_dist_0ewclpe._.js:776
[  334449ms] [LOG] [Fast Refresh] done in 8ms @ http://localhost:3000/_next/static/chunks/137q_next_dist_0ewclpe._.js:776
[  334510ms] [LOG] [Fast Refresh] done in 8ms @ http://localhost:3000/_next/static/chunks/137q_next_dist_0ewclpe._.js:776
[  334572ms] [LOG] [Fast Refresh] done in 8ms @ http://localhost:3000/_next/static/chunks/137q_next_dist_0ewclpe._.js:776
[  334634ms] [LOG] [Fast Refresh] done in 8ms @ http://localhost:3000/_next/static/chunks/137q_next_dist_0ewclpe._.js:776
[  334697ms] [LOG] [Fast Refresh] done in 8ms @ http://localhost:3000/_next/static/chunks/137q_next_dist_0ewclpe._.js:776
[  334758ms] [LOG] [Fast Refresh] done in 8ms @ http://localhost:3000/_next/static/chunks/137q_next_dist_0ewclpe._.js:776
[  334821ms] [LOG] [Fast Refresh] done in 8ms @ http://localhost:3000/_next/static/chunks/137q_next_dist_0ewclpe._.js:776
[  334884ms] [LOG] [Fast Refresh] done in 8ms @ http://localhost:3000/_next/static/chunks/137q_next_dist_0ewclpe._.js:776
[  334945ms] [LOG] [Fast Refresh] done in 8ms @ http://localhost:3000/_next/static/chunks/137q_next_dist_0ewclpe._.js:776
[  335006ms] [LOG] [Fast Refresh] done in 8ms @ http://localhost:3000/_next/static/chunks/137q_next_dist_0ewclpe._.js:776
[  335070ms] [LOG] [Fast Refresh] done in 8ms @ http://localhost:3000/_next/static/chunks/137q_next_dist_0ewclpe._.js:776
[  335118ms] [LOG] [Fast Refresh] done in 8ms @ http://localhost:3000/_next/static/chunks/137q_next_dist_0ewclpe._.js:776
[  335179ms] [LOG] [Fast Refresh] done in 8ms @ http://localhost:3000/_next/static/chunks/137q_next_dist_0ewclpe._.js:776
[  335241ms] [LOG] [Fast Refresh] done in 8ms @ http://localhost:3000/_next/static/chunks/137q_next_dist_0ewclpe._.js:776
[  335305ms] [LOG] [Fast Refresh] done in 8ms @ http://localhost:3000/_next/static/chunks/137q_next_dist_0ewclpe._.js:776
[  335367ms] [LOG] [Fast Refresh] done in 8ms @ http://localhost:3000/_next/static/chunks/137q_next_dist_0ewclpe._.js:776
[  335428ms] [LOG] [Fast Refresh] done in 8ms @ http://localhost:3000/_next/static/chunks/137q_next_dist_0ewclpe._.js:776
[  335509ms] [LOG] [Fast Refresh] done in 5930ms @ http://localhost:3000/_next/static/chunks/137q_next_dist_0ewclpe._.js:776
[  335716ms] [LOG] [Fast Refresh] rebuilding @ http://localhost:3000/_next/static/chunks/137q_next_dist_0ewclpe._.js:776
[  335717ms] [LOG] [Fast Refresh] done in 101ms @ http://localhost:3000/_next/static/chunks/137q_next_dist_0ewclpe._.js:776
[  335807ms] [LOG] [Fast Refresh] done in 101ms @ http://localhost:3000/_next/static/chunks/137q_next_dist_0ewclpe._.js:776
[  335870ms] [LOG] [Fast Refresh] done in 101ms @ http://localhost:3000/_next/static/chunks/137q_next_dist_0ewclpe._.js:776
[  335936ms] [LOG] [Fast Refresh] done in 101ms @ http://localhost:3000/_next/static/chunks/137q_next_dist_0ewclpe._.js:776
[  335978ms] [LOG] [Fast Refresh] done in 101ms @ http://localhost:3000/_next/static/chunks/137q_next_dist_0ewclpe._.js:776
[  336040ms] [LOG] [Fast Refresh] done in 101ms @ http://localhost:3000/_next/static/chunks/137q_next_dist_0ewclpe._.js:776
[  336101ms] [LOG] [Fast Refresh] done in 101ms @ http://localhost:3000/_next/static/chunks/137q_next_dist_0ewclpe._.js:776
[  336170ms] [LOG] [Fast Refresh] done in 101ms @ http://localhost:3000/_next/static/chunks/137q_next_dist_0ewclpe._.js:776
[  336241ms] [LOG] [Fast Refresh] done in 101ms @ http://localhost:3000/_next/static/chunks/137q_next_dist_0ewclpe._.js:776
[  336303ms] [LOG] [Fast Refresh] done in 101ms @ http://localhost:3000/_next/static/chunks/137q_next_dist_0ewclpe._.js:776
[  336371ms] [LOG] [Fast Refresh] done in 101ms @ http://localhost:3000/_next/static/chunks/137q_next_dist_0ewclpe._.js:776
[  336440ms] [LOG] [Fast Refresh] done in 101ms @ http://localhost:3000/_next/static/chunks/137q_next_dist_0ewclpe._.js:776
[  336510ms] [LOG] [Fast Refresh] done in 101ms @ http://localhost:3000/_next/static/chunks/137q_next_dist_0ewclpe._.js:776
[  336570ms] [LOG] [Fast Refresh] done in 101ms @ http://localhost:3000/_next/static/chunks/137q_next_dist_0ewclpe._.js:776
[  336638ms] [LOG] [Fast Refresh] done in 101ms @ http://localhost:3000/_next/static/chunks/137q_next_dist_0ewclpe._.js:776
[  336776ms] [LOG] [Fast Refresh] rebuilding @ http://localhost:3000/_next/static/chunks/137q_next_dist_0ewclpe._.js:776
[  336883ms] [LOG] [Fast Refresh] done in 20ms @ http://localhost:3000/_next/static/chunks/137q_next_dist_0ewclpe._.js:776
[  336958ms] [LOG] [Fast Refresh] done in 20ms @ http://localhost:3000/_next/static/chunks/137q_next_dist_0ewclpe._.js:776
[  337040ms] [LOG] [Fast Refresh] done in 20ms @ http://localhost:3000/_next/static/chunks/137q_next_dist_0ewclpe._.js:776
[  337065ms] [LOG] [Fast Refresh] done in 20ms @ http://localhost:3000/_next/static/chunks/137q_next_dist_0ewclpe._.js:776
[  337085ms] [LOG] [Fast Refresh] done in 20ms @ http://localhost:3000/_next/static/chunks/137q_next_dist_0ewclpe._.js:776
[  337153ms] [LOG] [Fast Refresh] done in 20ms @ http://localhost:3000/_next/static/chunks/137q_next_dist_0ewclpe._.js:776
[  337214ms] [LOG] [Fast Refresh] done in 20ms @ http://localhost:3000/_next/static/chunks/137q_next_dist_0ewclpe._.js:776
[  337276ms] [LOG] [Fast Refresh] done in 20ms @ http://localhost:3000/_next/static/chunks/137q_next_dist_0ewclpe._.js:776
[  337344ms] [LOG] [Fast Refresh] done in 20ms @ http://localhost:3000/_next/static/chunks/137q_next_dist_0ewclpe._.js:776
[  337416ms] [LOG] [Fast Refresh] done in 20ms @ http://localhost:3000/_next/static/chunks/137q_next_dist_0ewclpe._.js:776
[  337481ms] [LOG] [Fast Refresh] done in 20ms @ http://localhost:3000/_next/static/chunks/137q_next_dist_0ewclpe._.js:776
[  337542ms] [LOG] [Fast Refresh] done in 20ms @ http://localhost:3000/_next/static/chunks/137q_next_dist_0ewclpe._.js:776
[  337603ms] [LOG] [Fast Refresh] done in 20ms @ http://localhost:3000/_next/static/chunks/137q_next_dist_0ewclpe._.js:776
[  337680ms] [LOG] [Fast Refresh] done in 20ms @ http://localhost:3000/_next/static/chunks/137q_next_dist_0ewclpe._.js:776
[  337744ms] [LOG] [Fast Refresh] done in 20ms @ http://localhost:3000/_next/static/chunks/137q_next_dist_0ewclpe._.js:776
[  337807ms] [LOG] [Fast Refresh] done in 20ms @ http://localhost:3000/_next/static/chunks/137q_next_dist_0ewclpe._.js:776
[  337870ms] [LOG] [Fast Refresh] done in 20ms @ http://localhost:3000/_next/static/chunks/137q_next_dist_0ewclpe._.js:776
[  337949ms] [LOG] [Fast Refresh] done in 20ms @ http://localhost:3000/_next/static/chunks/137q_next_dist_0ewclpe._.js:776
[  338010ms] [LOG] [Fast Refresh] done in 20ms @ http://localhost:3000/_next/static/chunks/137q_next_dist_0ewclpe._.js:776
[  338083ms] [LOG] [Fast Refresh] done in 20ms @ http://localhost:3000/_next/static/chunks/137q_next_dist_0ewclpe._.js:776
[  338151ms] [LOG] [Fast Refresh] done in 20ms @ http://localhost:3000/_next/static/chunks/137q_next_dist_0ewclpe._.js:776
[  338212ms] [LOG] [Fast Refresh] done in 20ms @ http://localhost:3000/_next/static/chunks/137q_next_dist_0ewclpe._.js:776
[  338273ms] [LOG] [Fast Refresh] done in 20ms @ http://localhost:3000/_next/static/chunks/137q_next_dist_0ewclpe._.js:776
[  338335ms] [LOG] [Fast Refresh] done in 20ms @ http://localhost:3000/_next/static/chunks/137q_next_dist_0ewclpe._.js:776
[  338409ms] [LOG] [Fast Refresh] done in 20ms @ http://localhost:3000/_next/static/chunks/137q_next_dist_0ewclpe._.js:776
[  338479ms] [LOG] [Fast Refresh] done in 20ms @ http://localhost:3000/_next/static/chunks/137q_next_dist_0ewclpe._.js:776
[  338543ms] [LOG] [Fast Refresh] done in 20ms @ http://localhost:3000/_next/static/chunks/137q_next_dist_0ewclpe._.js:776
[  338610ms] [LOG] [Fast Refresh] done in 20ms @ http://localhost:3000/_next/static/chunks/137q_next_dist_0ewclpe._.js:776
[  338685ms] [LOG] [Fast Refresh] done in 20ms @ http://localhost:3000/_next/static/chunks/137q_next_dist_0ewclpe._.js:776
[  338764ms] [LOG] [Fast Refresh] done in 20ms @ http://localhost:3000/_next/static/chunks/137q_next_dist_0ewclpe._.js:776
[  338836ms] [LOG] [Fast Refresh] done in 20ms @ http://localhost:3000/_next/static/chunks/137q_next_dist_0ewclpe._.js:776
[  338898ms] [LOG] [Fast Refresh] done in 20ms @ http://localhost:3000/_next/static/chunks/137q_next_dist_0ewclpe._.js:776
[  338966ms] [LOG] [Fast Refresh] done in 20ms @ http://localhost:3000/_next/static/chunks/137q_next_dist_0ewclpe._.js:776
[  339073ms] [LOG] [Fast Refresh] done in 20ms @ http://localhost:3000/_next/static/chunks/137q_next_dist_0ewclpe._.js:776
[  339154ms] [LOG] [Fast Refresh] done in 20ms @ http://localhost:3000/_next/static/chunks/137q_next_dist_0ewclpe._.js:776
[  339225ms] [LOG] [Fast Refresh] done in 20ms @ http://localhost:3000/_next/static/chunks/137q_next_dist_0ewclpe._.js:776
[  339287ms] [LOG] [Fast Refresh] done in 20ms @ http://localhost:3000/_next/static/chunks/137q_next_dist_0ewclpe._.js:776
[  339364ms] [LOG] [Fast Refresh] done in 20ms @ http://localhost:3000/_next/static/chunks/137q_next_dist_0ewclpe._.js:776
[  339429ms] [LOG] [Fast Refresh] done in 20ms @ http://localhost:3000/_next/static/chunks/137q_next_dist_0ewclpe._.js:776
[  339505ms] [LOG] [Fast Refresh] done in 20ms @ http://localhost:3000/_next/static/chunks/137q_next_dist_0ewclpe._.js:776
[  339571ms] [LOG] [Fast Refresh] done in 20ms @ http://localhost:3000/_next/static/chunks/137q_next_dist_0ewclpe._.js:776
[  339634ms] [LOG] [Fast Refresh] done in 20ms @ http://localhost:3000/_next/static/chunks/137q_next_dist_0ewclpe._.js:776
[  339708ms] [LOG] [Fast Refresh] done in 20ms @ http://localhost:3000/_next/static/chunks/137q_next_dist_0ewclpe._.js:776
[  339768ms] [LOG] [Fast Refresh] done in 20ms @ http://localhost:3000/_next/static/chunks/137q_next_dist_0ewclpe._.js:776
[  339829ms] [LOG] [Fast Refresh] done in 20ms @ http://localhost:3000/_next/static/chunks/137q_next_dist_0ewclpe._.js:776
[  339894ms] [LOG] [Fast Refresh] done in 20ms @ http://localhost:3000/_next/static/chunks/137q_next_dist_0ewclpe._.js:776
[  339952ms] [LOG] [Fast Refresh] done in 20ms @ http://localhost:3000/_next/static/chunks/137q_next_dist_0ewclpe._.js:776
[  340003ms] [LOG] [Fast Refresh] done in 20ms @ http://localhost:3000/_next/static/chunks/137q_next_dist_0ewclpe._.js:776
[  340209ms] [LOG] [Fast Refresh] rebuilding @ http://localhost:3000/_next/static/chunks/137q_next_dist_0ewclpe._.js:776
[  340240ms] [LOG] [Fast Refresh] done in 134ms @ http://localhost:3000/_next/static/chunks/137q_next_dist_0ewclpe._.js:776
[  340353ms] [LOG] [Fast Refresh] done in 134ms @ http://localhost:3000/_next/static/chunks/137q_next_dist_0ewclpe._.js:776
[  340354ms] [LOG] [Fast Refresh] done in 134ms @ http://localhost:3000/_next/static/chunks/137q_next_dist_0ewclpe._.js:776
[  343886ms] [LOG] [Fast Refresh] rebuilding @ http://localhost:3000/_next/static/chunks/137q_next_dist_0ewclpe._.js:776
[  343887ms] [LOG] [Fast Refresh] done in 104ms @ http://localhost:3000/_next/static/chunks/137q_next_dist_0ewclpe._.js:776
[  343972ms] [LOG] [Fast Refresh] done in 104ms @ http://localhost:3000/_next/static/chunks/137q_next_dist_0ewclpe._.js:776
[  344063ms] [LOG] [Fast Refresh] done in 104ms @ http://localhost:3000/_next/static/chunks/137q_next_dist_0ewclpe._.js:776
[  344135ms] [LOG] [Fast Refresh] done in 104ms @ http://localhost:3000/_next/static/chunks/137q_next_dist_0ewclpe._.js:776
[  344221ms] [LOG] [Fast Refresh] done in 104ms @ http://localhost:3000/_next/static/chunks/137q_next_dist_0ewclpe._.js:776
[  344292ms] [LOG] [Fast Refresh] done in 104ms @ http://localhost:3000/_next/static/chunks/137q_next_dist_0ewclpe._.js:776
[  344356ms] [LOG] [Fast Refresh] done in 104ms @ http://localhost:3000/_next/static/chunks/137q_next_dist_0ewclpe._.js:776
[  344419ms] [LOG] [Fast Refresh] done in 104ms @ http://localhost:3000/_next/static/chunks/137q_next_dist_0ewclpe._.js:776
[  344476ms] [LOG] [Fast Refresh] done in 104ms @ http://localhost:3000/_next/static/chunks/137q_next_dist_0ewclpe._.js:776
[  344552ms] [LOG] [Fast Refresh] done in 104ms @ http://localhost:3000/_next/static/chunks/137q_next_dist_0ewclpe._.js:776
[  344631ms] [LOG] [Fast Refresh] done in 104ms @ http://localhost:3000/_next/static/chunks/137q_next_dist_0ewclpe._.js:776
[  344695ms] [LOG] [Fast Refresh] done in 104ms @ http://localhost:3000/_next/static/chunks/137q_next_dist_0ewclpe._.js:776
[  344777ms] [LOG] [Fast Refresh] done in 104ms @ http://localhost:3000/_next/static/chunks/137q_next_dist_0ewclpe._.js:776
[  344838ms] [LOG] [Fast Refresh] done in 104ms @ http://localhost:3000/_next/static/chunks/137q_next_dist_0ewclpe._.js:776
[  344900ms] [LOG] [Fast Refresh] done in 104ms @ http://localhost:3000/_next/static/chunks/137q_next_dist_0ewclpe._.js:776
[  344961ms] [LOG] [Fast Refresh] done in 104ms @ http://localhost:3000/_next/static/chunks/137q_next_dist_0ewclpe._.js:776
[  345029ms] [LOG] [Fast Refresh] done in 104ms @ http://localhost:3000/_next/static/chunks/137q_next_dist_0ewclpe._.js:776
[  345106ms] [LOG] [Fast Refresh] done in 104ms @ http://localhost:3000/_next/static/chunks/137q_next_dist_0ewclpe._.js:776
[  345179ms] [LOG] [Fast Refresh] done in 104ms @ http://localhost:3000/_next/static/chunks/137q_next_dist_0ewclpe._.js:776
[  345242ms] [LOG] [Fast Refresh] done in 104ms @ http://localhost:3000/_next/static/chunks/137q_next_dist_0ewclpe._.js:776
[  345311ms] [LOG] [Fast Refresh] done in 104ms @ http://localhost:3000/_next/static/chunks/137q_next_dist_0ewclpe._.js:776
[  345371ms] [LOG] [Fast Refresh] done in 104ms @ http://localhost:3000/_next/static/chunks/137q_next_dist_0ewclpe._.js:776
[  345434ms] [LOG] [Fast Refresh] done in 104ms @ http://localhost:3000/_next/static/chunks/137q_next_dist_0ewclpe._.js:776
[  345491ms] [LOG] [Fast Refresh] done in 104ms @ http://localhost:3000/_next/static/chunks/137q_next_dist_0ewclpe._.js:776
[  345554ms] [LOG] [Fast Refresh] done in 104ms @ http://localhost:3000/_next/static/chunks/137q_next_dist_0ewclpe._.js:776
[  345618ms] [LOG] [Fast Refresh] done in 104ms @ http://localhost:3000/_next/static/chunks/137q_next_dist_0ewclpe._.js:776
[  345694ms] [LOG] [Fast Refresh] done in 104ms @ http://localhost:3000/_next/static/chunks/137q_next_dist_0ewclpe._.js:776
[  345772ms] [LOG] [Fast Refresh] done in 104ms @ http://localhost:3000/_next/static/chunks/137q_next_dist_0ewclpe._.js:776
[  345836ms] [LOG] [Fast Refresh] done in 104ms @ http://localhost:3000/_next/static/chunks/137q_next_dist_0ewclpe._.js:776
[  345897ms] [LOG] [Fast Refresh] done in 104ms @ http://localhost:3000/_next/static/chunks/137q_next_dist_0ewclpe._.js:776
[  345958ms] [LOG] [Fast Refresh] done in 104ms @ http://localhost:3000/_next/static/chunks/137q_next_dist_0ewclpe._.js:776
[  346031ms] [LOG] [Fast Refresh] done in 104ms @ http://localhost:3000/_next/static/chunks/137q_next_dist_0ewclpe._.js:776
[  346101ms] [LOG] [Fast Refresh] done in 104ms @ http://localhost:3000/_next/static/chunks/137q_next_dist_0ewclpe._.js:776
[  346159ms] [LOG] [Fast Refresh] done in 104ms @ http://localhost:3000/_next/static/chunks/137q_next_dist_0ewclpe._.js:776
[  346222ms] [LOG] [Fast Refresh] done in 104ms @ http://localhost:3000/_next/static/chunks/137q_next_dist_0ewclpe._.js:776
[  346285ms] [LOG] [Fast Refresh] done in 104ms @ http://localhost:3000/_next/static/chunks/137q_next_dist_0ewclpe._.js:776
[  346346ms] [LOG] [Fast Refresh] done in 104ms @ http://localhost:3000/_next/static/chunks/137q_next_dist_0ewclpe._.js:776
[  346394ms] [LOG] [Fast Refresh] done in 104ms @ http://localhost:3000/_next/static/chunks/137q_next_dist_0ewclpe._.js:776
[  346457ms] [LOG] [Fast Refresh] done in 104ms @ http://localhost:3000/_next/static/chunks/137q_next_dist_0ewclpe._.js:776
[  346517ms] [LOG] [Fast Refresh] done in 104ms @ http://localhost:3000/_next/static/chunks/137q_next_dist_0ewclpe._.js:776
[  346580ms] [LOG] [Fast Refresh] done in 104ms @ http://localhost:3000/_next/static/chunks/137q_next_dist_0ewclpe._.js:776
[  346641ms] [LOG] [Fast Refresh] done in 104ms @ http://localhost:3000/_next/static/chunks/137q_next_dist_0ewclpe._.js:776
[  346705ms] [LOG] [Fast Refresh] done in 104ms @ http://localhost:3000/_next/static/chunks/137q_next_dist_0ewclpe._.js:776
[  346768ms] [LOG] [Fast Refresh] done in 104ms @ http://localhost:3000/_next/static/chunks/137q_next_dist_0ewclpe._.js:776
[  346830ms] [LOG] [Fast Refresh] done in 104ms @ http://localhost:3000/_next/static/chunks/137q_next_dist_0ewclpe._.js:776
[  346892ms] [LOG] [Fast Refresh] done in 104ms @ http://localhost:3000/_next/static/chunks/137q_next_dist_0ewclpe._.js:776
[  346954ms] [LOG] [Fast Refresh] done in 104ms @ http://localhost:3000/_next/static/chunks/137q_next_dist_0ewclpe._.js:776
[  347016ms] [LOG] [Fast Refresh] done in 104ms @ http://localhost:3000/_next/static/chunks/137q_next_dist_0ewclpe._.js:776
[  347079ms] [LOG] [Fast Refresh] done in 104ms @ http://localhost:3000/_next/static/chunks/137q_next_dist_0ewclpe._.js:776
[  347141ms] [LOG] [Fast Refresh] done in 104ms @ http://localhost:3000/_next/static/chunks/137q_next_dist_0ewclpe._.js:776
[  347204ms] [LOG] [Fast Refresh] done in 104ms @ http://localhost:3000/_next/static/chunks/137q_next_dist_0ewclpe._.js:776
[  347273ms] [LOG] [Fast Refresh] done in 104ms @ http://localhost:3000/_next/static/chunks/137q_next_dist_0ewclpe._.js:776
[  347468ms] [LOG] [Fast Refresh] rebuilding @ http://localhost:3000/_next/static/chunks/137q_next_dist_0ewclpe._.js:776
[  347469ms] [LOG] [Fast Refresh] done in 98ms @ http://localhost:3000/_next/static/chunks/137q_next_dist_0ewclpe._.js:776
[  347548ms] [LOG] [Fast Refresh] done in 98ms @ http://localhost:3000/_next/static/chunks/137q_next_dist_0ewclpe._.js:776
[  347625ms] [LOG] [Fast Refresh] done in 98ms @ http://localhost:3000/_next/static/chunks/137q_next_dist_0ewclpe._.js:776
[  347688ms] [LOG] [Fast Refresh] done in 98ms @ http://localhost:3000/_next/static/chunks/137q_next_dist_0ewclpe._.js:776
[  347751ms] [LOG] [Fast Refresh] done in 98ms @ http://localhost:3000/_next/static/chunks/137q_next_dist_0ewclpe._.js:776
[  347812ms] [LOG] [Fast Refresh] done in 98ms @ http://localhost:3000/_next/static/chunks/137q_next_dist_0ewclpe._.js:776
[  347876ms] [LOG] [Fast Refresh] done in 98ms @ http://localhost:3000/_next/static/chunks/137q_next_dist_0ewclpe._.js:776
[  347942ms] [LOG] [Fast Refresh] done in 98ms @ http://localhost:3000/_next/static/chunks/137q_next_dist_0ewclpe._.js:776
[  348004ms] [LOG] [Fast Refresh] done in 98ms @ http://localhost:3000/_next/static/chunks/137q_next_dist_0ewclpe._.js:776
[  348071ms] [LOG] [Fast Refresh] done in 98ms @ http://localhost:3000/_next/static/chunks/137q_next_dist_0ewclpe._.js:776
[  348130ms] [LOG] [Fast Refresh] done in 98ms @ http://localhost:3000/_next/static/chunks/137q_next_dist_0ewclpe._.js:776
[  348211ms] [LOG] [Fast Refresh] done in 98ms @ http://localhost:3000/_next/static/chunks/137q_next_dist_0ewclpe._.js:776
[  348284ms] [LOG] [Fast Refresh] done in 98ms @ http://localhost:3000/_next/static/chunks/137q_next_dist_0ewclpe._.js:776
[  348345ms] [LOG] [Fast Refresh] done in 98ms @ http://localhost:3000/_next/static/chunks/137q_next_dist_0ewclpe._.js:776
[  348408ms] [LOG] [Fast Refresh] done in 98ms @ http://localhost:3000/_next/static/chunks/137q_next_dist_0ewclpe._.js:776
[  348470ms] [LOG] [Fast Refresh] done in 98ms @ http://localhost:3000/_next/static/chunks/137q_next_dist_0ewclpe._.js:776
[  348534ms] [LOG] [Fast Refresh] done in 98ms @ http://localhost:3000/_next/static/chunks/137q_next_dist_0ewclpe._.js:776
[  348594ms] [LOG] [Fast Refresh] done in 98ms @ http://localhost:3000/_next/static/chunks/137q_next_dist_0ewclpe._.js:776
[  348671ms] [LOG] [Fast Refresh] done in 98ms @ http://localhost:3000/_next/static/chunks/137q_next_dist_0ewclpe._.js:776
[  348736ms] [LOG] [Fast Refresh] done in 98ms @ http://localhost:3000/_next/static/chunks/137q_next_dist_0ewclpe._.js:776
[  348811ms] [LOG] [Fast Refresh] done in 98ms @ http://localhost:3000/_next/static/chunks/137q_next_dist_0ewclpe._.js:776
[  348875ms] [LOG] [Fast Refresh] done in 98ms @ http://localhost:3000/_next/static/chunks/137q_next_dist_0ewclpe._.js:776
[  348943ms] [LOG] [Fast Refresh] done in 98ms @ http://localhost:3000/_next/static/chunks/137q_next_dist_0ewclpe._.js:776
[  349083ms] [LOG] [Fast Refresh] rebuilding @ http://localhost:3000/_next/static/chunks/137q_next_dist_0ewclpe._.js:776
[  349091ms] [LOG] [Fast Refresh] done in 34ms @ http://localhost:3000/_next/static/chunks/137q_next_dist_0ewclpe._.js:776
[  349173ms] [LOG] [Fast Refresh] done in 34ms @ http://localhost:3000/_next/static/chunks/137q_next_dist_0ewclpe._.js:776
[  349259ms] [LOG] [Fast Refresh] done in 34ms @ http://localhost:3000/_next/static/chunks/137q_next_dist_0ewclpe._.js:776
[  349350ms] [LOG] [Fast Refresh] done in 34ms @ http://localhost:3000/_next/static/chunks/137q_next_dist_0ewclpe._.js:776
[  349388ms] [LOG] [Fast Refresh] done in 34ms @ http://localhost:3000/_next/static/chunks/137q_next_dist_0ewclpe._.js:776
[  349461ms] [LOG] [Fast Refresh] done in 34ms @ http://localhost:3000/_next/static/chunks/137q_next_dist_0ewclpe._.js:776
[  349527ms] [LOG] [Fast Refresh] done in 34ms @ http://localhost:3000/_next/static/chunks/137q_next_dist_0ewclpe._.js:776
[  349595ms] [LOG] [Fast Refresh] done in 34ms @ http://localhost:3000/_next/static/chunks/137q_next_dist_0ewclpe._.js:776
[  349665ms] [LOG] [Fast Refresh] done in 34ms @ http://localhost:3000/_next/static/chunks/137q_next_dist_0ewclpe._.js:776
[  349729ms] [LOG] [Fast Refresh] done in 34ms @ http://localhost:3000/_next/static/chunks/137q_next_dist_0ewclpe._.js:776
[  349791ms] [LOG] [Fast Refresh] done in 34ms @ http://localhost:3000/_next/static/chunks/137q_next_dist_0ewclpe._.js:776
[  349840ms] [LOG] [Fast Refresh] done in 34ms @ http://localhost:3000/_next/static/chunks/137q_next_dist_0ewclpe._.js:776
[  353749ms] [LOG] [Fast Refresh] rebuilding @ http://localhost:3000/_next/static/chunks/137q_next_dist_0ewclpe._.js:776
[  353750ms] [LOG] [Fast Refresh] done in 0ms @ http://localhost:3000/_next/static/chunks/137q_next_dist_0ewclpe._.js:776
[  353873ms] [LOG] [Fast Refresh] rebuilding @ http://localhost:3000/_next/static/chunks/137q_next_dist_0ewclpe._.js:776
[  353875ms] [LOG] [Fast Refresh] done in 18ms @ http://localhost:3000/_next/static/chunks/137q_next_dist_0ewclpe._.js:776
[  353949ms] [LOG] [Fast Refresh] done in 18ms @ http://localhost:3000/_next/static/chunks/137q_next_dist_0ewclpe._.js:776
[  353966ms] [LOG] [Fast Refresh] done in 18ms @ http://localhost:3000/_next/static/chunks/137q_next_dist_0ewclpe._.js:776
[  354047ms] [LOG] [Fast Refresh] done in 18ms @ http://localhost:3000/_next/static/chunks/137q_next_dist_0ewclpe._.js:776
[  354120ms] [LOG] [Fast Refresh] done in 18ms @ http://localhost:3000/_next/static/chunks/137q_next_dist_0ewclpe._.js:776
[  354198ms] [LOG] [Fast Refresh] done in 18ms @ http://localhost:3000/_next/static/chunks/137q_next_dist_0ewclpe._.js:776
[  354277ms] [LOG] [Fast Refresh] done in 18ms @ http://localhost:3000/_next/static/chunks/137q_next_dist_0ewclpe._.js:776
[  354338ms] [LOG] [Fast Refresh] done in 18ms @ http://localhost:3000/_next/static/chunks/137q_next_dist_0ewclpe._.js:776
[  354403ms] [LOG] [Fast Refresh] done in 18ms @ http://localhost:3000/_next/static/chunks/137q_next_dist_0ewclpe._.js:776
[  356461ms] [LOG] [Fast Refresh] rebuilding @ http://localhost:3000/_next/static/chunks/137q_next_dist_0ewclpe._.js:776
[  356536ms] [LOG] [Fast Refresh] done in 177ms @ http://localhost:3000/_next/static/chunks/137q_next_dist_0ewclpe._.js:776
[  356536ms] [LOG] [Fast Refresh] done in 177ms @ http://localhost:3000/_next/static/chunks/137q_next_dist_0ewclpe._.js:776
[  356630ms] [LOG] [Fast Refresh] done in 177ms @ http://localhost:3000/_next/static/chunks/137q_next_dist_0ewclpe._.js:776
[  356688ms] [LOG] [Fast Refresh] done in 177ms @ http://localhost:3000/_next/static/chunks/137q_next_dist_0ewclpe._.js:776
[  356751ms] [LOG] [Fast Refresh] done in 177ms @ http://localhost:3000/_next/static/chunks/137q_next_dist_0ewclpe._.js:776
[  356814ms] [LOG] [Fast Refresh] done in 177ms @ http://localhost:3000/_next/static/chunks/137q_next_dist_0ewclpe._.js:776
[  356879ms] [LOG] [Fast Refresh] done in 177ms @ http://localhost:3000/_next/static/chunks/137q_next_dist_0ewclpe._.js:776
[  356958ms] [LOG] [Fast Refresh] done in 177ms @ http://localhost:3000/_next/static/chunks/137q_next_dist_0ewclpe._.js:776
[  357041ms] [LOG] [Fast Refresh] done in 177ms @ http://localhost:3000/_next/static/chunks/137q_next_dist_0ewclpe._.js:776
[  357128ms] [LOG] [Fast Refresh] done in 177ms @ http://localhost:3000/_next/static/chunks/137q_next_dist_0ewclpe._.js:776
[  357215ms] [LOG] [Fast Refresh] done in 177ms @ http://localhost:3000/_next/static/chunks/137q_next_dist_0ewclpe._.js:776
[  357291ms] [LOG] [Fast Refresh] done in 177ms @ http://localhost:3000/_next/static/chunks/137q_next_dist_0ewclpe._.js:776
[  357365ms] [LOG] [Fast Refresh] done in 177ms @ http://localhost:3000/_next/static/chunks/137q_next_dist_0ewclpe._.js:776
[  357442ms] [LOG] [Fast Refresh] done in 177ms @ http://localhost:3000/_next/static/chunks/137q_next_dist_0ewclpe._.js:776
[  357507ms] [LOG] [Fast Refresh] done in 177ms @ http://localhost:3000/_next/static/chunks/137q_next_dist_0ewclpe._.js:776
[  357568ms] [LOG] [Fast Refresh] done in 177ms @ http://localhost:3000/_next/static/chunks/137q_next_dist_0ewclpe._.js:776
[  357632ms] [LOG] [Fast Refresh] done in 177ms @ http://localhost:3000/_next/static/chunks/137q_next_dist_0ewclpe._.js:776
[  357693ms] [LOG] [Fast Refresh] done in 177ms @ http://localhost:3000/_next/static/chunks/137q_next_dist_0ewclpe._.js:776
[  357770ms] [LOG] [Fast Refresh] done in 177ms @ http://localhost:3000/_next/static/chunks/137q_next_dist_0ewclpe._.js:776
[  357835ms] [LOG] [Fast Refresh] done in 177ms @ http://localhost:3000/_next/static/chunks/137q_next_dist_0ewclpe._.js:776
[  357917ms] [LOG] [Fast Refresh] done in 1557ms @ http://localhost:3000/_next/static/chunks/137q_next_dist_0ewclpe._.js:776
[  358084ms] [LOG] [Fast Refresh] rebuilding @ http://localhost:3000/_next/static/chunks/137q_next_dist_0ewclpe._.js:776
[  358085ms] [LOG] [Fast Refresh] done in 1ms @ http://localhost:3000/_next/static/chunks/137q_next_dist_0ewclpe._.js:776
[  358174ms] [LOG] [Fast Refresh] done in 1ms @ http://localhost:3000/_next/static/chunks/137q_next_dist_0ewclpe._.js:776
[  359928ms] [LOG] [Fast Refresh] done in 1440ms @ http://localhost:3000/_next/static/chunks/137q_next_dist_0ewclpe._.js:776
[  359990ms] [LOG] [Fast Refresh] done in 1503ms @ http://localhost:3000/_next/static/chunks/137q_next_dist_0ewclpe._.js:776
[  364513ms] [LOG] [Fast Refresh] rebuilding @ http://localhost:3000/_next/static/chunks/137q_next_dist_0ewclpe._.js:776
[  364514ms] [LOG] [Fast Refresh] done in 32ms @ http://localhost:3000/_next/static/chunks/137q_next_dist_0ewclpe._.js:776
[  364593ms] [LOG] [Fast Refresh] done in 100ms @ http://localhost:3000/_next/static/chunks/137q_next_dist_0ewclpe._.js:776
[  364668ms] [LOG] [Fast Refresh] done in 100ms @ http://localhost:3000/_next/static/chunks/137q_next_dist_0ewclpe._.js:776
[  365045ms] [LOG] [Fast Refresh] done in 191ms @ http://localhost:3000/_next/static/chunks/137q_next_dist_0ewclpe._.js:776
[  370930ms] [LOG] [Fast Refresh] rebuilding @ http://localhost:3000/_next/static/chunks/137q_next_dist_0ewclpe._.js:776
[  371003ms] [LOG] [Fast Refresh] done in 175ms @ http://localhost:3000/_next/static/chunks/137q_next_dist_0ewclpe._.js:776
[  371738ms] [LOG] [Fast Refresh] rebuilding @ http://localhost:3000/_next/static/chunks/137q_next_dist_0ewclpe._.js:776
[  371746ms] [LOG] [Fast Refresh] done in 109ms @ http://localhost:3000/_next/static/chunks/137q_next_dist_0ewclpe._.js:776
[  371828ms] [LOG] [Fast Refresh] done in 109ms @ http://localhost:3000/_next/static/chunks/137q_next_dist_0ewclpe._.js:776
[  371916ms] [LOG] [Fast Refresh] done in 109ms @ http://localhost:3000/_next/static/chunks/137q_next_dist_0ewclpe._.js:776
[  371972ms] [LOG] [Fast Refresh] done in 109ms @ http://localhost:3000/_next/static/chunks/137q_next_dist_0ewclpe._.js:776
[  372047ms] [LOG] [Fast Refresh] done in 109ms @ http://localhost:3000/_next/static/chunks/137q_next_dist_0ewclpe._.js:776
[  372100ms] [LOG] [Fast Refresh] done in 109ms @ http://localhost:3000/_next/static/chunks/137q_next_dist_0ewclpe._.js:776
[  372162ms] [LOG] [Fast Refresh] done in 109ms @ http://localhost:3000/_next/static/chunks/137q_next_dist_0ewclpe._.js:776
[  372230ms] [LOG] [Fast Refresh] done in 109ms @ http://localhost:3000/_next/static/chunks/137q_next_dist_0ewclpe._.js:776
[  372305ms] [LOG] [Fast Refresh] done in 109ms @ http://localhost:3000/_next/static/chunks/137q_next_dist_0ewclpe._.js:776
[  372385ms] [LOG] [Fast Refresh] done in 109ms @ http://localhost:3000/_next/static/chunks/137q_next_dist_0ewclpe._.js:776
[  372449ms] [LOG] [Fast Refresh] done in 109ms @ http://localhost:3000/_next/static/chunks/137q_next_dist_0ewclpe._.js:776
[  372510ms] [LOG] [Fast Refresh] done in 109ms @ http://localhost:3000/_next/static/chunks/137q_next_dist_0ewclpe._.js:776
[  372568ms] [LOG] [Fast Refresh] done in 109ms @ http://localhost:3000/_next/static/chunks/137q_next_dist_0ewclpe._.js:776
[  372629ms] [LOG] [Fast Refresh] done in 109ms @ http://localhost:3000/_next/static/chunks/137q_next_dist_0ewclpe._.js:776
[  372714ms] [LOG] [Fast Refresh] done in 109ms @ http://localhost:3000/_next/static/chunks/137q_next_dist_0ewclpe._.js:776
[  372775ms] [LOG] [Fast Refresh] done in 109ms @ http://localhost:3000/_next/static/chunks/137q_next_dist_0ewclpe._.js:776
[  372832ms] [LOG] [Fast Refresh] done in 109ms @ http://localhost:3000/_next/static/chunks/137q_next_dist_0ewclpe._.js:776
[  372892ms] [LOG] [Fast Refresh] done in 109ms @ http://localhost:3000/_next/static/chunks/137q_next_dist_0ewclpe._.js:776
[  372958ms] [LOG] [Fast Refresh] done in 109ms @ http://localhost:3000/_next/static/chunks/137q_next_dist_0ewclpe._.js:776
[  373035ms] [LOG] [Fast Refresh] done in 109ms @ http://localhost:3000/_next/static/chunks/137q_next_dist_0ewclpe._.js:776
[  373094ms] [LOG] [Fast Refresh] done in 109ms @ http://localhost:3000/_next/static/chunks/137q_next_dist_0ewclpe._.js:776
[  373157ms] [LOG] [Fast Refresh] done in 109ms @ http://localhost:3000/_next/static/chunks/137q_next_dist_0ewclpe._.js:776
[  373224ms] [LOG] [Fast Refresh] done in 109ms @ http://localhost:3000/_next/static/chunks/137q_next_dist_0ewclpe._.js:776
[  373287ms] [LOG] [Fast Refresh] done in 109ms @ http://localhost:3000/_next/static/chunks/137q_next_dist_0ewclpe._.js:776
[  373349ms] [LOG] [Fast Refresh] done in 109ms @ http://localhost:3000/_next/static/chunks/137q_next_dist_0ewclpe._.js:776
[  373422ms] [LOG] [Fast Refresh] done in 109ms @ http://localhost:3000/_next/static/chunks/137q_next_dist_0ewclpe._.js:776
[  373484ms] [LOG] [Fast Refresh] done in 109ms @ http://localhost:3000/_next/static/chunks/137q_next_dist_0ewclpe._.js:776
[  373551ms] [LOG] [Fast Refresh] done in 109ms @ http://localhost:3000/_next/static/chunks/137q_next_dist_0ewclpe._.js:776
[  373608ms] [LOG] [Fast Refresh] done in 109ms @ http://localhost:3000/_next/static/chunks/137q_next_dist_0ewclpe._.js:776
[  373670ms] [LOG] [Fast Refresh] done in 109ms @ http://localhost:3000/_next/static/chunks/137q_next_dist_0ewclpe._.js:776
[  373747ms] [LOG] [Fast Refresh] done in 109ms @ http://localhost:3000/_next/static/chunks/137q_next_dist_0ewclpe._.js:776
[  373810ms] [LOG] [Fast Refresh] done in 109ms @ http://localhost:3000/_next/static/chunks/137q_next_dist_0ewclpe._.js:776
[  373876ms] [LOG] [Fast Refresh] done in 109ms @ http://localhost:3000/_next/static/chunks/137q_next_dist_0ewclpe._.js:776
[  373949ms] [LOG] [Fast Refresh] done in 109ms @ http://localhost:3000/_next/static/chunks/137q_next_dist_0ewclpe._.js:776
[  374024ms] [LOG] [Fast Refresh] done in 109ms @ http://localhost:3000/_next/static/chunks/137q_next_dist_0ewclpe._.js:776
[  374104ms] [LOG] [Fast Refresh] done in 109ms @ http://localhost:3000/_next/static/chunks/137q_next_dist_0ewclpe._.js:776
[  374199ms] [LOG] [Fast Refresh] done in 109ms @ http://localhost:3000/_next/static/chunks/137q_next_dist_0ewclpe._.js:776
[  374286ms] [LOG] [Fast Refresh] done in 109ms @ http://localhost:3000/_next/static/chunks/137q_next_dist_0ewclpe._.js:776
[  374326ms] [LOG] [Fast Refresh] done in 109ms @ http://localhost:3000/_next/static/chunks/137q_next_dist_0ewclpe._.js:776
[  374978ms] [LOG] [Fast Refresh] done in 42ms @ http://localhost:3000/_next/static/chunks/137q_next_dist_0ewclpe._.js:776
[  377346ms] [LOG] [Fast Refresh] done in 2156ms @ http://localhost:3000/_next/static/chunks/137q_next_dist_0ewclpe._.js:776
[  377377ms] [LOG] [Fast Refresh] done in 2156ms @ http://localhost:3000/_next/static/chunks/137q_next_dist_0ewclpe._.js:776
[  384436ms] [LOG] [Fast Refresh] rebuilding @ http://localhost:3000/_next/static/chunks/137q_next_dist_0ewclpe._.js:776
[  384638ms] [LOG] [Fast Refresh] done in 78ms @ http://localhost:3000/_next/static/chunks/137q_next_dist_0ewclpe._.js:776
[  384711ms] [LOG] [Fast Refresh] done in 78ms @ http://localhost:3000/_next/static/chunks/137q_next_dist_0ewclpe._.js:776
[  384772ms] [LOG] [Fast Refresh] done in 78ms @ http://localhost:3000/_next/static/chunks/137q_next_dist_0ewclpe._.js:776
[  384850ms] [LOG] [Fast Refresh] done in 78ms @ http://localhost:3000/_next/static/chunks/137q_next_dist_0ewclpe._.js:776
[  384922ms] [LOG] [Fast Refresh] done in 78ms @ http://localhost:3000/_next/static/chunks/137q_next_dist_0ewclpe._.js:776
[  385020ms] [LOG] [Fast Refresh] done in 78ms @ http://localhost:3000/_next/static/chunks/137q_next_dist_0ewclpe._.js:776
[  385091ms] [LOG] [Fast Refresh] done in 78ms @ http://localhost:3000/_next/static/chunks/137q_next_dist_0ewclpe._.js:776
[  385154ms] [LOG] [Fast Refresh] done in 78ms @ http://localhost:3000/_next/static/chunks/137q_next_dist_0ewclpe._.js:776
[  385212ms] [LOG] [Fast Refresh] done in 78ms @ http://localhost:3000/_next/static/chunks/137q_next_dist_0ewclpe._.js:776
[  385275ms] [LOG] [Fast Refresh] done in 78ms @ http://localhost:3000/_next/static/chunks/137q_next_dist_0ewclpe._.js:776
[  385338ms] [LOG] [Fast Refresh] done in 78ms @ http://localhost:3000/_next/static/chunks/137q_next_dist_0ewclpe._.js:776
[  385411ms] [LOG] [Fast Refresh] done in 78ms @ http://localhost:3000/_next/static/chunks/137q_next_dist_0ewclpe._.js:776
[  385480ms] [LOG] [Fast Refresh] done in 78ms @ http://localhost:3000/_next/static/chunks/137q_next_dist_0ewclpe._.js:776
[  385544ms] [LOG] [Fast Refresh] done in 78ms @ http://localhost:3000/_next/static/chunks/137q_next_dist_0ewclpe._.js:776
[  385618ms] [LOG] [Fast Refresh] done in 78ms @ http://localhost:3000/_next/static/chunks/137q_next_dist_0ewclpe._.js:776
[  385680ms] [LOG] [Fast Refresh] done in 78ms @ http://localhost:3000/_next/static/chunks/137q_next_dist_0ewclpe._.js:776
[  385749ms] [LOG] [Fast Refresh] done in 78ms @ http://localhost:3000/_next/static/chunks/137q_next_dist_0ewclpe._.js:776
[  385805ms] [LOG] [Fast Refresh] done in 78ms @ http://localhost:3000/_next/static/chunks/137q_next_dist_0ewclpe._.js:776
[  385872ms] [LOG] [Fast Refresh] done in 78ms @ http://localhost:3000/_next/static/chunks/137q_next_dist_0ewclpe._.js:776
[  385933ms] [LOG] [Fast Refresh] done in 78ms @ http://localhost:3000/_next/static/chunks/137q_next_dist_0ewclpe._.js:776
[  385997ms] [LOG] [Fast Refresh] done in 78ms @ http://localhost:3000/_next/static/chunks/137q_next_dist_0ewclpe._.js:776
[  386055ms] [LOG] [Fast Refresh] done in 78ms @ http://localhost:3000/_next/static/chunks/137q_next_dist_0ewclpe._.js:776
[  386099ms] [LOG] [Fast Refresh] done in 78ms @ http://localhost:3000/_next/static/chunks/137q_next_dist_0ewclpe._.js:776
[  386160ms] [LOG] [Fast Refresh] done in 78ms @ http://localhost:3000/_next/static/chunks/137q_next_dist_0ewclpe._.js:776
[  386209ms] [LOG] [Fast Refresh] done in 78ms @ http://localhost:3000/_next/static/chunks/137q_next_dist_0ewclpe._.js:776
[  386272ms] [LOG] [Fast Refresh] done in 78ms @ http://localhost:3000/_next/static/chunks/137q_next_dist_0ewclpe._.js:776
[  386336ms] [LOG] [Fast Refresh] done in 78ms @ http://localhost:3000/_next/static/chunks/137q_next_dist_0ewclpe._.js:776
[  386388ms] [LOG] [Fast Refresh] done in 78ms @ http://localhost:3000/_next/static/chunks/137q_next_dist_0ewclpe._.js:776
[  386450ms] [LOG] [Fast Refresh] done in 78ms @ http://localhost:3000/_next/static/chunks/137q_next_dist_0ewclpe._.js:776
[  386521ms] [LOG] [Fast Refresh] done in 78ms @ http://localhost:3000/_next/static/chunks/137q_next_dist_0ewclpe._.js:776
[  386609ms] [LOG] [Fast Refresh] done in 78ms @ http://localhost:3000/_next/static/chunks/137q_next_dist_0ewclpe._.js:776
[  386685ms] [LOG] [Fast Refresh] done in 78ms @ http://localhost:3000/_next/static/chunks/137q_next_dist_0ewclpe._.js:776
[  386767ms] [LOG] [Fast Refresh] done in 78ms @ http://localhost:3000/_next/static/chunks/137q_next_dist_0ewclpe._.js:776
[  386828ms] [LOG] [Fast Refresh] done in 78ms @ http://localhost:3000/_next/static/chunks/137q_next_dist_0ewclpe._.js:776
[  386872ms] [LOG] [Fast Refresh] done in 78ms @ http://localhost:3000/_next/static/chunks/137q_next_dist_0ewclpe._.js:776
[  386928ms] [LOG] [Fast Refresh] done in 78ms @ http://localhost:3000/_next/static/chunks/137q_next_dist_0ewclpe._.js:776
[  386992ms] [LOG] [Fast Refresh] done in 78ms @ http://localhost:3000/_next/static/chunks/137q_next_dist_0ewclpe._.js:776
[  387054ms] [LOG] [Fast Refresh] done in 78ms @ http://localhost:3000/_next/static/chunks/137q_next_dist_0ewclpe._.js:776
[  387116ms] [LOG] [Fast Refresh] done in 78ms @ http://localhost:3000/_next/static/chunks/137q_next_dist_0ewclpe._.js:776
[  387178ms] [LOG] [Fast Refresh] done in 78ms @ http://localhost:3000/_next/static/chunks/137q_next_dist_0ewclpe._.js:776
[  387250ms] [LOG] [Fast Refresh] done in 78ms @ http://localhost:3000/_next/static/chunks/137q_next_dist_0ewclpe._.js:776
[  387321ms] [LOG] [Fast Refresh] done in 78ms @ http://localhost:3000/_next/static/chunks/137q_next_dist_0ewclpe._.js:776
[  387385ms] [LOG] [Fast Refresh] done in 78ms @ http://localhost:3000/_next/static/chunks/137q_next_dist_0ewclpe._.js:776
[  387450ms] [LOG] [Fast Refresh] done in 78ms @ http://localhost:3000/_next/static/chunks/137q_next_dist_0ewclpe._.js:776
[  387511ms] [LOG] [Fast Refresh] done in 78ms @ http://localhost:3000/_next/static/chunks/137q_next_dist_0ewclpe._.js:776
[  387577ms] [LOG] [Fast Refresh] done in 78ms @ http://localhost:3000/_next/static/chunks/137q_next_dist_0ewclpe._.js:776
[  387636ms] [LOG] [Fast Refresh] done in 78ms @ http://localhost:3000/_next/static/chunks/137q_next_dist_0ewclpe._.js:776
[  387704ms] [LOG] [Fast Refresh] done in 78ms @ http://localhost:3000/_next/static/chunks/137q_next_dist_0ewclpe._.js:776
[  387776ms] [LOG] [Fast Refresh] done in 78ms @ http://localhost:3000/_next/static/chunks/137q_next_dist_0ewclpe._.js:776
[  387836ms] [LOG] [Fast Refresh] done in 78ms @ http://localhost:3000/_next/static/chunks/137q_next_dist_0ewclpe._.js:776
[  387899ms] [LOG] [Fast Refresh] done in 78ms @ http://localhost:3000/_next/static/chunks/137q_next_dist_0ewclpe._.js:776
[  387975ms] [LOG] [Fast Refresh] done in 78ms @ http://localhost:3000/_next/static/chunks/137q_next_dist_0ewclpe._.js:776
[  388038ms] [LOG] [Fast Refresh] done in 78ms @ http://localhost:3000/_next/static/chunks/137q_next_dist_0ewclpe._.js:776
[  388099ms] [LOG] [Fast Refresh] done in 78ms @ http://localhost:3000/_next/static/chunks/137q_next_dist_0ewclpe._.js:776
[  388163ms] [LOG] [Fast Refresh] done in 78ms @ http://localhost:3000/_next/static/chunks/137q_next_dist_0ewclpe._.js:776
[  388224ms] [LOG] [Fast Refresh] done in 78ms @ http://localhost:3000/_next/static/chunks/137q_next_dist_0ewclpe._.js:776
[  388287ms] [LOG] [Fast Refresh] done in 78ms @ http://localhost:3000/_next/static/chunks/137q_next_dist_0ewclpe._.js:776
[  388356ms] [LOG] [Fast Refresh] done in 78ms @ http://localhost:3000/_next/static/chunks/137q_next_dist_0ewclpe._.js:776
[  388418ms] [LOG] [Fast Refresh] done in 78ms @ http://localhost:3000/_next/static/chunks/137q_next_dist_0ewclpe._.js:776
[  388489ms] [LOG] [Fast Refresh] done in 78ms @ http://localhost:3000/_next/static/chunks/137q_next_dist_0ewclpe._.js:776
[  388548ms] [LOG] [Fast Refresh] done in 78ms @ http://localhost:3000/_next/static/chunks/137q_next_dist_0ewclpe._.js:776
[  388617ms] [LOG] [Fast Refresh] done in 78ms @ http://localhost:3000/_next/static/chunks/137q_next_dist_0ewclpe._.js:776
[  388675ms] [LOG] [Fast Refresh] done in 78ms @ http://localhost:3000/_next/static/chunks/137q_next_dist_0ewclpe._.js:776
[  388736ms] [LOG] [Fast Refresh] done in 78ms @ http://localhost:3000/_next/static/chunks/137q_next_dist_0ewclpe._.js:776
[  388813ms] [LOG] [Fast Refresh] done in 78ms @ http://localhost:3000/_next/static/chunks/137q_next_dist_0ewclpe._.js:776
[  388875ms] [LOG] [Fast Refresh] done in 78ms @ http://localhost:3000/_next/static/chunks/137q_next_dist_0ewclpe._.js:776
[  388925ms] [LOG] [Fast Refresh] done in 78ms @ http://localhost:3000/_next/static/chunks/137q_next_dist_0ewclpe._.js:776
[  389030ms] [LOG] [Fast Refresh] done in 78ms @ http://localhost:3000/_next/static/chunks/137q_next_dist_0ewclpe._.js:776
[  389096ms] [LOG] [Fast Refresh] done in 78ms @ http://localhost:3000/_next/static/chunks/137q_next_dist_0ewclpe._.js:776
[  389158ms] [LOG] [Fast Refresh] done in 78ms @ http://localhost:3000/_next/static/chunks/137q_next_dist_0ewclpe._.js:776
[  389228ms] [LOG] [Fast Refresh] done in 78ms @ http://localhost:3000/_next/static/chunks/137q_next_dist_0ewclpe._.js:776
[  389264ms] [LOG] [Fast Refresh] done in 78ms @ http://localhost:3000/_next/static/chunks/137q_next_dist_0ewclpe._.js:776
[  389474ms] [LOG] [Fast Refresh] rebuilding @ http://localhost:3000/_next/static/chunks/137q_next_dist_0ewclpe._.js:776
[  389487ms] [LOG] [Fast Refresh] done in 93ms @ http://localhost:3000/_next/static/chunks/137q_next_dist_0ewclpe._.js:776
[  389549ms] [LOG] [Fast Refresh] done in 93ms @ http://localhost:3000/_next/static/chunks/137q_next_dist_0ewclpe._.js:776
[  389629ms] [LOG] [Fast Refresh] done in 93ms @ http://localhost:3000/_next/static/chunks/137q_next_dist_0ewclpe._.js:776
[  389686ms] [LOG] [Fast Refresh] done in 93ms @ http://localhost:3000/_next/static/chunks/137q_next_dist_0ewclpe._.js:776
[  389751ms] [LOG] [Fast Refresh] done in 93ms @ http://localhost:3000/_next/static/chunks/137q_next_dist_0ewclpe._.js:776
[  389793ms] [LOG] [Fast Refresh] done in 93ms @ http://localhost:3000/_next/static/chunks/137q_next_dist_0ewclpe._.js:776
[  389854ms] [LOG] [Fast Refresh] done in 93ms @ http://localhost:3000/_next/static/chunks/137q_next_dist_0ewclpe._.js:776
[  389926ms] [LOG] [Fast Refresh] done in 93ms @ http://localhost:3000/_next/static/chunks/137q_next_dist_0ewclpe._.js:776
[  389994ms] [LOG] [Fast Refresh] done in 93ms @ http://localhost:3000/_next/static/chunks/137q_next_dist_0ewclpe._.js:776
[  390080ms] [LOG] [Fast Refresh] done in 93ms @ http://localhost:3000/_next/static/chunks/137q_next_dist_0ewclpe._.js:776
[  390170ms] [LOG] [Fast Refresh] done in 93ms @ http://localhost:3000/_next/static/chunks/137q_next_dist_0ewclpe._.js:776
[  390219ms] [LOG] [Fast Refresh] done in 93ms @ http://localhost:3000/_next/static/chunks/137q_next_dist_0ewclpe._.js:776
[  390285ms] [LOG] [Fast Refresh] done in 93ms @ http://localhost:3000/_next/static/chunks/137q_next_dist_0ewclpe._.js:776
[  390353ms] [LOG] [Fast Refresh] done in 93ms @ http://localhost:3000/_next/static/chunks/137q_next_dist_0ewclpe._.js:776
[  390414ms] [LOG] [Fast Refresh] done in 93ms @ http://localhost:3000/_next/static/chunks/137q_next_dist_0ewclpe._.js:776
[  390479ms] [LOG] [Fast Refresh] done in 93ms @ http://localhost:3000/_next/static/chunks/137q_next_dist_0ewclpe._.js:776
[  390527ms] [LOG] [Fast Refresh] done in 93ms @ http://localhost:3000/_next/static/chunks/137q_next_dist_0ewclpe._.js:776
[  390615ms] [LOG] [Fast Refresh] done in 93ms @ http://localhost:3000/_next/static/chunks/137q_next_dist_0ewclpe._.js:776
[  390688ms] [LOG] [Fast Refresh] done in 93ms @ http://localhost:3000/_next/static/chunks/137q_next_dist_0ewclpe._.js:776
[  390749ms] [LOG] [Fast Refresh] done in 93ms @ http://localhost:3000/_next/static/chunks/137q_next_dist_0ewclpe._.js:776
[  390810ms] [LOG] [Fast Refresh] done in 93ms @ http://localhost:3000/_next/static/chunks/137q_next_dist_0ewclpe._.js:776
[  390874ms] [LOG] [Fast Refresh] done in 93ms @ http://localhost:3000/_next/static/chunks/137q_next_dist_0ewclpe._.js:776
[  390939ms] [LOG] [Fast Refresh] done in 93ms @ http://localhost:3000/_next/static/chunks/137q_next_dist_0ewclpe._.js:776
[  391015ms] [LOG] [Fast Refresh] done in 93ms @ http://localhost:3000/_next/static/chunks/137q_next_dist_0ewclpe._.js:776
[  391075ms] [LOG] [Fast Refresh] done in 93ms @ http://localhost:3000/_next/static/chunks/137q_next_dist_0ewclpe._.js:776
[  391137ms] [LOG] [Fast Refresh] done in 93ms @ http://localhost:3000/_next/static/chunks/137q_next_dist_0ewclpe._.js:776
[  391200ms] [LOG] [Fast Refresh] done in 93ms @ http://localhost:3000/_next/static/chunks/137q_next_dist_0ewclpe._.js:776
[  391263ms] [LOG] [Fast Refresh] done in 93ms @ http://localhost:3000/_next/static/chunks/137q_next_dist_0ewclpe._.js:776
[  391330ms] [LOG] [Fast Refresh] done in 93ms @ http://localhost:3000/_next/static/chunks/137q_next_dist_0ewclpe._.js:776
[  391389ms] [LOG] [Fast Refresh] done in 93ms @ http://localhost:3000/_next/static/chunks/137q_next_dist_0ewclpe._.js:776
[  391458ms] [LOG] [Fast Refresh] done in 93ms @ http://localhost:3000/_next/static/chunks/137q_next_dist_0ewclpe._.js:776
[  391518ms] [LOG] [Fast Refresh] done in 93ms @ http://localhost:3000/_next/static/chunks/137q_next_dist_0ewclpe._.js:776
[  391580ms] [LOG] [Fast Refresh] done in 93ms @ http://localhost:3000/_next/static/chunks/137q_next_dist_0ewclpe._.js:776
[  391658ms] [LOG] [Fast Refresh] done in 93ms @ http://localhost:3000/_next/static/chunks/137q_next_dist_0ewclpe._.js:776
[  391729ms] [LOG] [Fast Refresh] done in 93ms @ http://localhost:3000/_next/static/chunks/137q_next_dist_0ewclpe._.js:776
[  391790ms] [LOG] [Fast Refresh] done in 93ms @ http://localhost:3000/_next/static/chunks/137q_next_dist_0ewclpe._.js:776
[  391853ms] [LOG] [Fast Refresh] done in 93ms @ http://localhost:3000/_next/static/chunks/137q_next_dist_0ewclpe._.js:776
[  391916ms] [LOG] [Fast Refresh] done in 93ms @ http://localhost:3000/_next/static/chunks/137q_next_dist_0ewclpe._.js:776
[  391987ms] [LOG] [Fast Refresh] done in 93ms @ http://localhost:3000/_next/static/chunks/137q_next_dist_0ewclpe._.js:776
[  392050ms] [LOG] [Fast Refresh] done in 93ms @ http://localhost:3000/_next/static/chunks/137q_next_dist_0ewclpe._.js:776
[  392113ms] [LOG] [Fast Refresh] done in 93ms @ http://localhost:3000/_next/static/chunks/137q_next_dist_0ewclpe._.js:776
[  392175ms] [LOG] [Fast Refresh] done in 93ms @ http://localhost:3000/_next/static/chunks/137q_next_dist_0ewclpe._.js:776
[  394842ms] [LOG] [Fast Refresh] rebuilding @ http://localhost:3000/_next/static/chunks/137q_next_dist_0ewclpe._.js:776
[  394978ms] [LOG] [Fast Refresh] done in 51ms @ http://localhost:3000/_next/static/chunks/137q_next_dist_0ewclpe._.js:776
[  395040ms] [LOG] [Fast Refresh] done in 51ms @ http://localhost:3000/_next/static/chunks/137q_next_dist_0ewclpe._.js:776
[  395107ms] [LOG] [Fast Refresh] done in 51ms @ http://localhost:3000/_next/static/chunks/137q_next_dist_0ewclpe._.js:776
[  395166ms] [LOG] [Fast Refresh] done in 51ms @ http://localhost:3000/_next/static/chunks/137q_next_dist_0ewclpe._.js:776
[  395250ms] [LOG] [Fast Refresh] done in 51ms @ http://localhost:3000/_next/static/chunks/137q_next_dist_0ewclpe._.js:776
[  395324ms] [LOG] [Fast Refresh] done in 51ms @ http://localhost:3000/_next/static/chunks/137q_next_dist_0ewclpe._.js:776
[  395389ms] [LOG] [Fast Refresh] done in 51ms @ http://localhost:3000/_next/static/chunks/137q_next_dist_0ewclpe._.js:776
[  395451ms] [LOG] [Fast Refresh] done in 51ms @ http://localhost:3000/_next/static/chunks/137q_next_dist_0ewclpe._.js:776
[  395514ms] [LOG] [Fast Refresh] done in 51ms @ http://localhost:3000/_next/static/chunks/137q_next_dist_0ewclpe._.js:776
[  395593ms] [LOG] [Fast Refresh] done in 51ms @ http://localhost:3000/_next/static/chunks/137q_next_dist_0ewclpe._.js:776
[  395661ms] [LOG] [Fast Refresh] done in 51ms @ http://localhost:3000/_next/static/chunks/137q_next_dist_0ewclpe._.js:776
[  395720ms] [LOG] [Fast Refresh] done in 51ms @ http://localhost:3000/_next/static/chunks/137q_next_dist_0ewclpe._.js:776
[  395781ms] [LOG] [Fast Refresh] done in 51ms @ http://localhost:3000/_next/static/chunks/137q_next_dist_0ewclpe._.js:776
[  395853ms] [LOG] [Fast Refresh] done in 51ms @ http://localhost:3000/_next/static/chunks/137q_next_dist_0ewclpe._.js:776
[  395921ms] [LOG] [Fast Refresh] done in 51ms @ http://localhost:3000/_next/static/chunks/137q_next_dist_0ewclpe._.js:776
[  395972ms] [LOG] [Fast Refresh] done in 51ms @ http://localhost:3000/_next/static/chunks/137q_next_dist_0ewclpe._.js:776
[  396048ms] [LOG] [Fast Refresh] done in 51ms @ http://localhost:3000/_next/static/chunks/137q_next_dist_0ewclpe._.js:776
[  396110ms] [LOG] [Fast Refresh] done in 51ms @ http://localhost:3000/_next/static/chunks/137q_next_dist_0ewclpe._.js:776
[  396180ms] [LOG] [Fast Refresh] done in 51ms @ http://localhost:3000/_next/static/chunks/137q_next_dist_0ewclpe._.js:776
[  396257ms] [LOG] [Fast Refresh] done in 51ms @ http://localhost:3000/_next/static/chunks/137q_next_dist_0ewclpe._.js:776
[  396318ms] [LOG] [Fast Refresh] done in 51ms @ http://localhost:3000/_next/static/chunks/137q_next_dist_0ewclpe._.js:776
[  396380ms] [LOG] [Fast Refresh] done in 51ms @ http://localhost:3000/_next/static/chunks/137q_next_dist_0ewclpe._.js:776
[  396439ms] [LOG] [Fast Refresh] done in 51ms @ http://localhost:3000/_next/static/chunks/137q_next_dist_0ewclpe._.js:776
[  396501ms] [LOG] [Fast Refresh] done in 51ms @ http://localhost:3000/_next/static/chunks/137q_next_dist_0ewclpe._.js:776
[  396564ms] [LOG] [Fast Refresh] done in 51ms @ http://localhost:3000/_next/static/chunks/137q_next_dist_0ewclpe._.js:776
[  396628ms] [LOG] [Fast Refresh] done in 51ms @ http://localhost:3000/_next/static/chunks/137q_next_dist_0ewclpe._.js:776
[  396691ms] [LOG] [Fast Refresh] done in 51ms @ http://localhost:3000/_next/static/chunks/137q_next_dist_0ewclpe._.js:776
[  396763ms] [LOG] [Fast Refresh] done in 51ms @ http://localhost:3000/_next/static/chunks/137q_next_dist_0ewclpe._.js:776
[  396819ms] [LOG] [Fast Refresh] done in 51ms @ http://localhost:3000/_next/static/chunks/137q_next_dist_0ewclpe._.js:776
[  396897ms] [LOG] [Fast Refresh] done in 51ms @ http://localhost:3000/_next/static/chunks/137q_next_dist_0ewclpe._.js:776
[  396963ms] [LOG] [Fast Refresh] done in 51ms @ http://localhost:3000/_next/static/chunks/137q_next_dist_0ewclpe._.js:776
[  397024ms] [LOG] [Fast Refresh] done in 51ms @ http://localhost:3000/_next/static/chunks/137q_next_dist_0ewclpe._.js:776
[  397089ms] [LOG] [Fast Refresh] done in 51ms @ http://localhost:3000/_next/static/chunks/137q_next_dist_0ewclpe._.js:776
[  397145ms] [LOG] [Fast Refresh] done in 51ms @ http://localhost:3000/_next/static/chunks/137q_next_dist_0ewclpe._.js:776
[  397208ms] [LOG] [Fast Refresh] done in 51ms @ http://localhost:3000/_next/static/chunks/137q_next_dist_0ewclpe._.js:776
[  397290ms] [LOG] [Fast Refresh] done in 51ms @ http://localhost:3000/_next/static/chunks/137q_next_dist_0ewclpe._.js:776
[  397352ms] [LOG] [Fast Refresh] done in 51ms @ http://localhost:3000/_next/static/chunks/137q_next_dist_0ewclpe._.js:776
[  397424ms] [LOG] [Fast Refresh] done in 51ms @ http://localhost:3000/_next/static/chunks/137q_next_dist_0ewclpe._.js:776
[  397488ms] [LOG] [Fast Refresh] done in 51ms @ http://localhost:3000/_next/static/chunks/137q_next_dist_0ewclpe._.js:776
[  397550ms] [LOG] [Fast Refresh] done in 51ms @ http://localhost:3000/_next/static/chunks/137q_next_dist_0ewclpe._.js:776
[  397612ms] [LOG] [Fast Refresh] done in 51ms @ http://localhost:3000/_next/static/chunks/137q_next_dist_0ewclpe._.js:776
[  397681ms] [LOG] [Fast Refresh] done in 51ms @ http://localhost:3000/_next/static/chunks/137q_next_dist_0ewclpe._.js:776
[  397742ms] [LOG] [Fast Refresh] done in 51ms @ http://localhost:3000/_next/static/chunks/137q_next_dist_0ewclpe._.js:776
[  397806ms] [LOG] [Fast Refresh] done in 51ms @ http://localhost:3000/_next/static/chunks/137q_next_dist_0ewclpe._.js:776
[  397867ms] [LOG] [Fast Refresh] done in 51ms @ http://localhost:3000/_next/static/chunks/137q_next_dist_0ewclpe._.js:776
[  397933ms] [LOG] [Fast Refresh] done in 51ms @ http://localhost:3000/_next/static/chunks/137q_next_dist_0ewclpe._.js:776
[  398004ms] [LOG] [Fast Refresh] done in 51ms @ http://localhost:3000/_next/static/chunks/137q_next_dist_0ewclpe._.js:776
[  398069ms] [LOG] [Fast Refresh] done in 51ms @ http://localhost:3000/_next/static/chunks/137q_next_dist_0ewclpe._.js:776
[  398130ms] [LOG] [Fast Refresh] done in 51ms @ http://localhost:3000/_next/static/chunks/137q_next_dist_0ewclpe._.js:776
[  398192ms] [LOG] [Fast Refresh] done in 51ms @ http://localhost:3000/_next/static/chunks/137q_next_dist_0ewclpe._.js:776
[  398260ms] [LOG] [Fast Refresh] done in 51ms @ http://localhost:3000/_next/static/chunks/137q_next_dist_0ewclpe._.js:776
[  398323ms] [LOG] [Fast Refresh] done in 51ms @ http://localhost:3000/_next/static/chunks/137q_next_dist_0ewclpe._.js:776
[  399266ms] [LOG] [Fast Refresh] rebuilding @ http://localhost:3000/_next/static/chunks/137q_next_dist_0ewclpe._.js:776
[  399475ms] [LOG] [Fast Refresh] done in 75ms @ http://localhost:3000/_next/static/chunks/137q_next_dist_0ewclpe._.js:776
[  399557ms] [LOG] [Fast Refresh] done in 75ms @ http://localhost:3000/_next/static/chunks/137q_next_dist_0ewclpe._.js:776
[  399634ms] [LOG] [Fast Refresh] done in 75ms @ http://localhost:3000/_next/static/chunks/137q_next_dist_0ewclpe._.js:776
[  399707ms] [LOG] [Fast Refresh] done in 75ms @ http://localhost:3000/_next/static/chunks/137q_next_dist_0ewclpe._.js:776
[  399768ms] [LOG] [Fast Refresh] done in 75ms @ http://localhost:3000/_next/static/chunks/137q_next_dist_0ewclpe._.js:776
[  399818ms] [LOG] [Fast Refresh] done in 75ms @ http://localhost:3000/_next/static/chunks/137q_next_dist_0ewclpe._.js:776
[  399879ms] [LOG] [Fast Refresh] done in 75ms @ http://localhost:3000/_next/static/chunks/137q_next_dist_0ewclpe._.js:776
[  400434ms] [LOG] [Fast Refresh] rebuilding @ http://localhost:3000/_next/static/chunks/137q_next_dist_0ewclpe._.js:776
[  400500ms] [LOG] [Fast Refresh] done in 29ms @ http://localhost:3000/_next/static/chunks/137q_next_dist_0ewclpe._.js:776
[  400565ms] [LOG] [Fast Refresh] done in 29ms @ http://localhost:3000/_next/static/chunks/137q_next_dist_0ewclpe._.js:776
[  400611ms] [LOG] [Fast Refresh] done in 29ms @ http://localhost:3000/_next/static/chunks/137q_next_dist_0ewclpe._.js:776
[  400671ms] [LOG] [Fast Refresh] done in 29ms @ http://localhost:3000/_next/static/chunks/137q_next_dist_0ewclpe._.js:776
[  400740ms] [LOG] [Fast Refresh] done in 29ms @ http://localhost:3000/_next/static/chunks/137q_next_dist_0ewclpe._.js:776
[  400815ms] [LOG] [Fast Refresh] done in 29ms @ http://localhost:3000/_next/static/chunks/137q_next_dist_0ewclpe._.js:776
[  400879ms] [LOG] [Fast Refresh] done in 29ms @ http://localhost:3000/_next/static/chunks/137q_next_dist_0ewclpe._.js:776
[  400960ms] [LOG] [Fast Refresh] done in 29ms @ http://localhost:3000/_next/static/chunks/137q_next_dist_0ewclpe._.js:776
[  401023ms] [LOG] [Fast Refresh] done in 29ms @ http://localhost:3000/_next/static/chunks/137q_next_dist_0ewclpe._.js:776
[  401097ms] [LOG] [Fast Refresh] done in 29ms @ http://localhost:3000/_next/static/chunks/137q_next_dist_0ewclpe._.js:776
[  401156ms] [LOG] [Fast Refresh] done in 29ms @ http://localhost:3000/_next/static/chunks/137q_next_dist_0ewclpe._.js:776
[  401220ms] [LOG] [Fast Refresh] done in 29ms @ http://localhost:3000/_next/static/chunks/137q_next_dist_0ewclpe._.js:776
[  401285ms] [LOG] [Fast Refresh] done in 29ms @ http://localhost:3000/_next/static/chunks/137q_next_dist_0ewclpe._.js:776
[  401370ms] [LOG] [Fast Refresh] done in 29ms @ http://localhost:3000/_next/static/chunks/137q_next_dist_0ewclpe._.js:776
[  401432ms] [LOG] [Fast Refresh] done in 29ms @ http://localhost:3000/_next/static/chunks/137q_next_dist_0ewclpe._.js:776
[  401502ms] [LOG] [Fast Refresh] done in 29ms @ http://localhost:3000/_next/static/chunks/137q_next_dist_0ewclpe._.js:776
[  401566ms] [LOG] [Fast Refresh] done in 29ms @ http://localhost:3000/_next/static/chunks/137q_next_dist_0ewclpe._.js:776
[  401645ms] [LOG] [Fast Refresh] done in 29ms @ http://localhost:3000/_next/static/chunks/137q_next_dist_0ewclpe._.js:776
[  401719ms] [LOG] [Fast Refresh] done in 29ms @ http://localhost:3000/_next/static/chunks/137q_next_dist_0ewclpe._.js:776
[  401804ms] [LOG] [Fast Refresh] done in 29ms @ http://localhost:3000/_next/static/chunks/137q_next_dist_0ewclpe._.js:776
[  401867ms] [LOG] [Fast Refresh] done in 29ms @ http://localhost:3000/_next/static/chunks/137q_next_dist_0ewclpe._.js:776
[  401933ms] [LOG] [Fast Refresh] done in 29ms @ http://localhost:3000/_next/static/chunks/137q_next_dist_0ewclpe._.js:776
[  401999ms] [LOG] [Fast Refresh] done in 29ms @ http://localhost:3000/_next/static/chunks/137q_next_dist_0ewclpe._.js:776
[  402074ms] [LOG] [Fast Refresh] done in 29ms @ http://localhost:3000/_next/static/chunks/137q_next_dist_0ewclpe._.js:776
[  402158ms] [LOG] [Fast Refresh] done in 29ms @ http://localhost:3000/_next/static/chunks/137q_next_dist_0ewclpe._.js:776
[  402225ms] [LOG] [Fast Refresh] done in 29ms @ http://localhost:3000/_next/static/chunks/137q_next_dist_0ewclpe._.js:776
[  402287ms] [LOG] [Fast Refresh] done in 29ms @ http://localhost:3000/_next/static/chunks/137q_next_dist_0ewclpe._.js:776
[  402351ms] [LOG] [Fast Refresh] done in 29ms @ http://localhost:3000/_next/static/chunks/137q_next_dist_0ewclpe._.js:776
[  402431ms] [LOG] [Fast Refresh] done in 29ms @ http://localhost:3000/_next/static/chunks/137q_next_dist_0ewclpe._.js:776
[  402494ms] [LOG] [Fast Refresh] done in 29ms @ http://localhost:3000/_next/static/chunks/137q_next_dist_0ewclpe._.js:776
[  402566ms] [LOG] [Fast Refresh] done in 29ms @ http://localhost:3000/_next/static/chunks/137q_next_dist_0ewclpe._.js:776
[  402642ms] [LOG] [Fast Refresh] done in 29ms @ http://localhost:3000/_next/static/chunks/137q_next_dist_0ewclpe._.js:776
[  402703ms] [LOG] [Fast Refresh] done in 29ms @ http://localhost:3000/_next/static/chunks/137q_next_dist_0ewclpe._.js:776
[  402760ms] [LOG] [Fast Refresh] done in 29ms @ http://localhost:3000/_next/static/chunks/137q_next_dist_0ewclpe._.js:776
[  402835ms] [LOG] [Fast Refresh] done in 29ms @ http://localhost:3000/_next/static/chunks/137q_next_dist_0ewclpe._.js:776
[  402909ms] [LOG] [Fast Refresh] done in 29ms @ http://localhost:3000/_next/static/chunks/137q_next_dist_0ewclpe._.js:776
[  402969ms] [LOG] [Fast Refresh] done in 29ms @ http://localhost:3000/_next/static/chunks/137q_next_dist_0ewclpe._.js:776
[  403032ms] [LOG] [Fast Refresh] done in 29ms @ http://localhost:3000/_next/static/chunks/137q_next_dist_0ewclpe._.js:776
[  403103ms] [LOG] [Fast Refresh] done in 29ms @ http://localhost:3000/_next/static/chunks/137q_next_dist_0ewclpe._.js:776
[  403164ms] [LOG] [Fast Refresh] done in 29ms @ http://localhost:3000/_next/static/chunks/137q_next_dist_0ewclpe._.js:776
[  403243ms] [LOG] [Fast Refresh] done in 29ms @ http://localhost:3000/_next/static/chunks/137q_next_dist_0ewclpe._.js:776
[  403317ms] [LOG] [Fast Refresh] done in 29ms @ http://localhost:3000/_next/static/chunks/137q_next_dist_0ewclpe._.js:776
[  403380ms] [LOG] [Fast Refresh] done in 29ms @ http://localhost:3000/_next/static/chunks/137q_next_dist_0ewclpe._.js:776
[  403441ms] [LOG] [Fast Refresh] done in 29ms @ http://localhost:3000/_next/static/chunks/137q_next_dist_0ewclpe._.js:776
[  403509ms] [LOG] [Fast Refresh] done in 29ms @ http://localhost:3000/_next/static/chunks/137q_next_dist_0ewclpe._.js:776
[  403585ms] [LOG] [Fast Refresh] done in 29ms @ http://localhost:3000/_next/static/chunks/137q_next_dist_0ewclpe._.js:776
[  403649ms] [LOG] [Fast Refresh] done in 29ms @ http://localhost:3000/_next/static/chunks/137q_next_dist_0ewclpe._.js:776
[  403727ms] [LOG] [Fast Refresh] done in 29ms @ http://localhost:3000/_next/static/chunks/137q_next_dist_0ewclpe._.js:776
[  403807ms] [LOG] [Fast Refresh] done in 29ms @ http://localhost:3000/_next/static/chunks/137q_next_dist_0ewclpe._.js:776
[  403883ms] [LOG] [Fast Refresh] done in 29ms @ http://localhost:3000/_next/static/chunks/137q_next_dist_0ewclpe._.js:776
[  403970ms] [LOG] [Fast Refresh] done in 29ms @ http://localhost:3000/_next/static/chunks/137q_next_dist_0ewclpe._.js:776
[  404064ms] [LOG] [Fast Refresh] done in 29ms @ http://localhost:3000/_next/static/chunks/137q_next_dist_0ewclpe._.js:776
[  404165ms] [LOG] [Fast Refresh] done in 29ms @ http://localhost:3000/_next/static/chunks/137q_next_dist_0ewclpe._.js:776
[  404248ms] [LOG] [Fast Refresh] done in 29ms @ http://localhost:3000/_next/static/chunks/137q_next_dist_0ewclpe._.js:776
[  404332ms] [LOG] [Fast Refresh] done in 29ms @ http://localhost:3000/_next/static/chunks/137q_next_dist_0ewclpe._.js:776
[  404414ms] [LOG] [Fast Refresh] done in 29ms @ http://localhost:3000/_next/static/chunks/137q_next_dist_0ewclpe._.js:776
[  404458ms] [LOG] [Fast Refresh] done in 29ms @ http://localhost:3000/_next/static/chunks/137q_next_dist_0ewclpe._.js:776
[  404519ms] [LOG] [Fast Refresh] done in 29ms @ http://localhost:3000/_next/static/chunks/137q_next_dist_0ewclpe._.js:776
[  404571ms] [LOG] [Fast Refresh] done in 29ms @ http://localhost:3000/_next/static/chunks/137q_next_dist_0ewclpe._.js:776
[  404647ms] [LOG] [Fast Refresh] done in 29ms @ http://localhost:3000/_next/static/chunks/137q_next_dist_0ewclpe._.js:776
[  404710ms] [LOG] [Fast Refresh] done in 29ms @ http://localhost:3000/_next/static/chunks/137q_next_dist_0ewclpe._.js:776
[  404787ms] [LOG] [Fast Refresh] done in 29ms @ http://localhost:3000/_next/static/chunks/137q_next_dist_0ewclpe._.js:776
[  404853ms] [LOG] [Fast Refresh] done in 29ms @ http://localhost:3000/_next/static/chunks/137q_next_dist_0ewclpe._.js:776
[  404915ms] [LOG] [Fast Refresh] done in 29ms @ http://localhost:3000/_next/static/chunks/137q_next_dist_0ewclpe._.js:776
[  404999ms] [LOG] [Fast Refresh] done in 29ms @ http://localhost:3000/_next/static/chunks/137q_next_dist_0ewclpe._.js:776
[  405038ms] [LOG] [Fast Refresh] done in 29ms @ http://localhost:3000/_next/static/chunks/137q_next_dist_0ewclpe._.js:776
[  405100ms] [LOG] [Fast Refresh] done in 29ms @ http://localhost:3000/_next/static/chunks/137q_next_dist_0ewclpe._.js:776
[  405166ms] [LOG] [Fast Refresh] done in 29ms @ http://localhost:3000/_next/static/chunks/137q_next_dist_0ewclpe._.js:776
[  405245ms] [LOG] [Fast Refresh] done in 29ms @ http://localhost:3000/_next/static/chunks/137q_next_dist_0ewclpe._.js:776
[  405319ms] [LOG] [Fast Refresh] done in 29ms @ http://localhost:3000/_next/static/chunks/137q_next_dist_0ewclpe._.js:776
[  405388ms] [LOG] [Fast Refresh] done in 29ms @ http://localhost:3000/_next/static/chunks/137q_next_dist_0ewclpe._.js:776
[  405444ms] [LOG] [Fast Refresh] done in 29ms @ http://localhost:3000/_next/static/chunks/137q_next_dist_0ewclpe._.js:776
[  405523ms] [LOG] [Fast Refresh] done in 29ms @ http://localhost:3000/_next/static/chunks/137q_next_dist_0ewclpe._.js:776
[  405589ms] [LOG] [Fast Refresh] done in 29ms @ http://localhost:3000/_next/static/chunks/137q_next_dist_0ewclpe._.js:776
[  405630ms] [LOG] [Fast Refresh] done in 29ms @ http://localhost:3000/_next/static/chunks/137q_next_dist_0ewclpe._.js:776
[  405690ms] [LOG] [Fast Refresh] done in 29ms @ http://localhost:3000/_next/static/chunks/137q_next_dist_0ewclpe._.js:776
[  405754ms] [LOG] [Fast Refresh] done in 29ms @ http://localhost:3000/_next/static/chunks/137q_next_dist_0ewclpe._.js:776
[  405808ms] [LOG] [Fast Refresh] done in 29ms @ http://localhost:3000/_next/static/chunks/137q_next_dist_0ewclpe._.js:776
[  405865ms] [LOG] [Fast Refresh] done in 29ms @ http://localhost:3000/_next/static/chunks/137q_next_dist_0ewclpe._.js:776
[  405944ms] [LOG] [Fast Refresh] done in 29ms @ http://localhost:3000/_next/static/chunks/137q_next_dist_0ewclpe._.js:776
[  406010ms] [LOG] [Fast Refresh] done in 29ms @ http://localhost:3000/_next/static/chunks/137q_next_dist_0ewclpe._.js:776
[  406083ms] [LOG] [Fast Refresh] done in 29ms @ http://localhost:3000/_next/static/chunks/137q_next_dist_0ewclpe._.js:776
[  406154ms] [LOG] [Fast Refresh] done in 29ms @ http://localhost:3000/_next/static/chunks/137q_next_dist_0ewclpe._.js:776
[  406217ms] [LOG] [Fast Refresh] done in 29ms @ http://localhost:3000/_next/static/chunks/137q_next_dist_0ewclpe._.js:776
[  406302ms] [LOG] [Fast Refresh] done in 29ms @ http://localhost:3000/_next/static/chunks/137q_next_dist_0ewclpe._.js:776
[  406366ms] [LOG] [Fast Refresh] done in 29ms @ http://localhost:3000/_next/static/chunks/137q_next_dist_0ewclpe._.js:776
[  406446ms] [LOG] [Fast Refresh] done in 29ms @ http://localhost:3000/_next/static/chunks/137q_next_dist_0ewclpe._.js:776
[  406502ms] [LOG] [Fast Refresh] done in 29ms @ http://localhost:3000/_next/static/chunks/137q_next_dist_0ewclpe._.js:776
[  406564ms] [LOG] [Fast Refresh] done in 29ms @ http://localhost:3000/_next/static/chunks/137q_next_dist_0ewclpe._.js:776
[  406629ms] [LOG] [Fast Refresh] done in 29ms @ http://localhost:3000/_next/static/chunks/137q_next_dist_0ewclpe._.js:776
[  406706ms] [LOG] [Fast Refresh] done in 29ms @ http://localhost:3000/_next/static/chunks/137q_next_dist_0ewclpe._.js:776
[  406779ms] [LOG] [Fast Refresh] done in 29ms @ http://localhost:3000/_next/static/chunks/137q_next_dist_0ewclpe._.js:776
[  406846ms] [LOG] [Fast Refresh] done in 29ms @ http://localhost:3000/_next/static/chunks/137q_next_dist_0ewclpe._.js:776
[  406911ms] [LOG] [Fast Refresh] done in 29ms @ http://localhost:3000/_next/static/chunks/137q_next_dist_0ewclpe._.js:776
[  406989ms] [LOG] [Fast Refresh] done in 29ms @ http://localhost:3000/_next/static/chunks/137q_next_dist_0ewclpe._.js:776
[  407056ms] [LOG] [Fast Refresh] done in 29ms @ http://localhost:3000/_next/static/chunks/137q_next_dist_0ewclpe._.js:776
[  407135ms] [LOG] [Fast Refresh] done in 29ms @ http://localhost:3000/_next/static/chunks/137q_next_dist_0ewclpe._.js:776
[  407208ms] [LOG] [Fast Refresh] done in 29ms @ http://localhost:3000/_next/static/chunks/137q_next_dist_0ewclpe._.js:776
[  407268ms] [LOG] [Fast Refresh] done in 29ms @ http://localhost:3000/_next/static/chunks/137q_next_dist_0ewclpe._.js:776
[  407337ms] [LOG] [Fast Refresh] done in 29ms @ http://localhost:3000/_next/static/chunks/137q_next_dist_0ewclpe._.js:776
[  407417ms] [LOG] [Fast Refresh] done in 29ms @ http://localhost:3000/_next/static/chunks/137q_next_dist_0ewclpe._.js:776
[  407471ms] [LOG] [Fast Refresh] done in 29ms @ http://localhost:3000/_next/static/chunks/137q_next_dist_0ewclpe._.js:776
[  407550ms] [LOG] [Fast Refresh] done in 29ms @ http://localhost:3000/_next/static/chunks/137q_next_dist_0ewclpe._.js:776
[  407612ms] [LOG] [Fast Refresh] done in 29ms @ http://localhost:3000/_next/static/chunks/137q_next_dist_0ewclpe._.js:776
[  407674ms] [LOG] [Fast Refresh] done in 29ms @ http://localhost:3000/_next/static/chunks/137q_next_dist_0ewclpe._.js:776
[  407737ms] [LOG] [Fast Refresh] done in 29ms @ http://localhost:3000/_next/static/chunks/137q_next_dist_0ewclpe._.js:776
[  407798ms] [LOG] [Fast Refresh] done in 29ms @ http://localhost:3000/_next/static/chunks/137q_next_dist_0ewclpe._.js:776
[  407877ms] [LOG] [Fast Refresh] done in 29ms @ http://localhost:3000/_next/static/chunks/137q_next_dist_0ewclpe._.js:776
[  407954ms] [LOG] [Fast Refresh] done in 29ms @ http://localhost:3000/_next/static/chunks/137q_next_dist_0ewclpe._.js:776
[  408021ms] [LOG] [Fast Refresh] done in 29ms @ http://localhost:3000/_next/static/chunks/137q_next_dist_0ewclpe._.js:776
[  408097ms] [LOG] [Fast Refresh] done in 29ms @ http://localhost:3000/_next/static/chunks/137q_next_dist_0ewclpe._.js:776
[  408163ms] [LOG] [Fast Refresh] done in 29ms @ http://localhost:3000/_next/static/chunks/137q_next_dist_0ewclpe._.js:776
[  408235ms] [LOG] [Fast Refresh] done in 29ms @ http://localhost:3000/_next/static/chunks/137q_next_dist_0ewclpe._.js:776
[  408307ms] [LOG] [Fast Refresh] done in 29ms @ http://localhost:3000/_next/static/chunks/137q_next_dist_0ewclpe._.js:776
[  408382ms] [LOG] [Fast Refresh] done in 29ms @ http://localhost:3000/_next/static/chunks/137q_next_dist_0ewclpe._.js:776
[  408443ms] [LOG] [Fast Refresh] done in 29ms @ http://localhost:3000/_next/static/chunks/137q_next_dist_0ewclpe._.js:776
[  408546ms] [LOG] [Fast Refresh] done in 29ms @ http://localhost:3000/_next/static/chunks/137q_next_dist_0ewclpe._.js:776
[  408629ms] [LOG] [Fast Refresh] done in 29ms @ http://localhost:3000/_next/static/chunks/137q_next_dist_0ewclpe._.js:776
[  408710ms] [LOG] [Fast Refresh] done in 29ms @ http://localhost:3000/_next/static/chunks/137q_next_dist_0ewclpe._.js:776
[  408786ms] [LOG] [Fast Refresh] done in 29ms @ http://localhost:3000/_next/static/chunks/137q_next_dist_0ewclpe._.js:776
[  408852ms] [LOG] [Fast Refresh] done in 29ms @ http://localhost:3000/_next/static/chunks/137q_next_dist_0ewclpe._.js:776
[  408909ms] [LOG] [Fast Refresh] done in 29ms @ http://localhost:3000/_next/static/chunks/137q_next_dist_0ewclpe._.js:776
[  408971ms] [LOG] [Fast Refresh] done in 29ms @ http://localhost:3000/_next/static/chunks/137q_next_dist_0ewclpe._.js:776
[  429771ms] [LOG] [Fast Refresh] rebuilding @ http://localhost:3000/_next/static/chunks/137q_next_dist_0ewclpe._.js:776
[  429790ms] [LOG] [Fast Refresh] done in 101ms @ http://localhost:3000/_next/static/chunks/137q_next_dist_0ewclpe._.js:776
[  429893ms] [LOG] [Fast Refresh] done in 101ms @ http://localhost:3000/_next/static/chunks/137q_next_dist_0ewclpe._.js:776
[  429968ms] [LOG] [Fast Refresh] done in 101ms @ http://localhost:3000/_next/static/chunks/137q_next_dist_0ewclpe._.js:776
[  430078ms] [LOG] [Fast Refresh] done in 101ms @ http://localhost:3000/_next/static/chunks/137q_next_dist_0ewclpe._.js:776
[  430154ms] [LOG] [Fast Refresh] done in 101ms @ http://localhost:3000/_next/static/chunks/137q_next_dist_0ewclpe._.js:776
[  430237ms] [LOG] [Fast Refresh] done in 101ms @ http://localhost:3000/_next/static/chunks/137q_next_dist_0ewclpe._.js:776
[  430338ms] [LOG] [Fast Refresh] done in 101ms @ http://localhost:3000/_next/static/chunks/137q_next_dist_0ewclpe._.js:776
[  430442ms] [LOG] [Fast Refresh] done in 101ms @ http://localhost:3000/_next/static/chunks/137q_next_dist_0ewclpe._.js:776
[  430576ms] [LOG] [Fast Refresh] rebuilding @ http://localhost:3000/_next/static/chunks/137q_next_dist_0ewclpe._.js:776
[  430654ms] [LOG] [Fast Refresh] done in 19ms @ http://localhost:3000/_next/static/chunks/137q_next_dist_0ewclpe._.js:776
[  430754ms] [LOG] [Fast Refresh] done in 19ms @ http://localhost:3000/_next/static/chunks/137q_next_dist_0ewclpe._.js:776
[  430800ms] [LOG] [Fast Refresh] done in 19ms @ http://localhost:3000/_next/static/chunks/137q_next_dist_0ewclpe._.js:776
[  430868ms] [LOG] [Fast Refresh] done in 19ms @ http://localhost:3000/_next/static/chunks/137q_next_dist_0ewclpe._.js:776
[  430918ms] [LOG] [Fast Refresh] done in 19ms @ http://localhost:3000/_next/static/chunks/137q_next_dist_0ewclpe._.js:776
[  430989ms] [LOG] [Fast Refresh] done in 19ms @ http://localhost:3000/_next/static/chunks/137q_next_dist_0ewclpe._.js:776
[  431065ms] [LOG] [Fast Refresh] done in 19ms @ http://localhost:3000/_next/static/chunks/137q_next_dist_0ewclpe._.js:776
[  431106ms] [LOG] [Fast Refresh] done in 19ms @ http://localhost:3000/_next/static/chunks/137q_next_dist_0ewclpe._.js:776
[  431165ms] [LOG] [Fast Refresh] done in 19ms @ http://localhost:3000/_next/static/chunks/137q_next_dist_0ewclpe._.js:776
[  431222ms] [LOG] [Fast Refresh] done in 19ms @ http://localhost:3000/_next/static/chunks/137q_next_dist_0ewclpe._.js:776
[  431275ms] [LOG] [Fast Refresh] done in 19ms @ http://localhost:3000/_next/static/chunks/137q_next_dist_0ewclpe._.js:776
[  431361ms] [LOG] [Fast Refresh] done in 19ms @ http://localhost:3000/_next/static/chunks/137q_next_dist_0ewclpe._.js:776
[  431460ms] [LOG] [Fast Refresh] done in 19ms @ http://localhost:3000/_next/static/chunks/137q_next_dist_0ewclpe._.js:776
[  431500ms] [LOG] [Fast Refresh] done in 19ms @ http://localhost:3000/_next/static/chunks/137q_next_dist_0ewclpe._.js:776
[  431565ms] [LOG] [Fast Refresh] done in 19ms @ http://localhost:3000/_next/static/chunks/137q_next_dist_0ewclpe._.js:776
[  431644ms] [LOG] [Fast Refresh] done in 19ms @ http://localhost:3000/_next/static/chunks/137q_next_dist_0ewclpe._.js:776
[  431702ms] [LOG] [Fast Refresh] done in 19ms @ http://localhost:3000/_next/static/chunks/137q_next_dist_0ewclpe._.js:776
[  431763ms] [LOG] [Fast Refresh] done in 19ms @ http://localhost:3000/_next/static/chunks/137q_next_dist_0ewclpe._.js:776
[  431812ms] [LOG] [Fast Refresh] done in 19ms @ http://localhost:3000/_next/static/chunks/137q_next_dist_0ewclpe._.js:776
[  431883ms] [LOG] [Fast Refresh] done in 19ms @ http://localhost:3000/_next/static/chunks/137q_next_dist_0ewclpe._.js:776
[  431972ms] [LOG] [Fast Refresh] done in 19ms @ http://localhost:3000/_next/static/chunks/137q_next_dist_0ewclpe._.js:776
[  432010ms] [LOG] [Fast Refresh] done in 19ms @ http://localhost:3000/_next/static/chunks/137q_next_dist_0ewclpe._.js:776
[  432076ms] [LOG] [Fast Refresh] done in 19ms @ http://localhost:3000/_next/static/chunks/137q_next_dist_0ewclpe._.js:776
[  432153ms] [LOG] [Fast Refresh] done in 19ms @ http://localhost:3000/_next/static/chunks/137q_next_dist_0ewclpe._.js:776
[  432245ms] [LOG] [Fast Refresh] done in 19ms @ http://localhost:3000/_next/static/chunks/137q_next_dist_0ewclpe._.js:776
[  432333ms] [LOG] [Fast Refresh] done in 19ms @ http://localhost:3000/_next/static/chunks/137q_next_dist_0ewclpe._.js:776
[  432435ms] [LOG] [Fast Refresh] done in 19ms @ http://localhost:3000/_next/static/chunks/137q_next_dist_0ewclpe._.js:776
[  432477ms] [LOG] [Fast Refresh] done in 19ms @ http://localhost:3000/_next/static/chunks/137q_next_dist_0ewclpe._.js:776
[  432532ms] [LOG] [Fast Refresh] done in 19ms @ http://localhost:3000/_next/static/chunks/137q_next_dist_0ewclpe._.js:776
[  432575ms] [LOG] [Fast Refresh] done in 19ms @ http://localhost:3000/_next/static/chunks/137q_next_dist_0ewclpe._.js:776
[  432632ms] [LOG] [Fast Refresh] done in 19ms @ http://localhost:3000/_next/static/chunks/137q_next_dist_0ewclpe._.js:776
[  432715ms] [LOG] [Fast Refresh] done in 19ms @ http://localhost:3000/_next/static/chunks/137q_next_dist_0ewclpe._.js:776
[  432758ms] [LOG] [Fast Refresh] done in 19ms @ http://localhost:3000/_next/static/chunks/137q_next_dist_0ewclpe._.js:776
[  432821ms] [LOG] [Fast Refresh] done in 19ms @ http://localhost:3000/_next/static/chunks/137q_next_dist_0ewclpe._.js:776
[  432905ms] [LOG] [Fast Refresh] done in 19ms @ http://localhost:3000/_next/static/chunks/137q_next_dist_0ewclpe._.js:776
[  432957ms] [LOG] [Fast Refresh] done in 19ms @ http://localhost:3000/_next/static/chunks/137q_next_dist_0ewclpe._.js:776
[  433025ms] [LOG] [Fast Refresh] done in 19ms @ http://localhost:3000/_next/static/chunks/137q_next_dist_0ewclpe._.js:776
[  433095ms] [LOG] [Fast Refresh] done in 19ms @ http://localhost:3000/_next/static/chunks/137q_next_dist_0ewclpe._.js:776
[  433187ms] [LOG] [Fast Refresh] done in 19ms @ http://localhost:3000/_next/static/chunks/137q_next_dist_0ewclpe._.js:776
[  433280ms] [LOG] [Fast Refresh] done in 19ms @ http://localhost:3000/_next/static/chunks/137q_next_dist_0ewclpe._.js:776
[  433321ms] [LOG] [Fast Refresh] done in 19ms @ http://localhost:3000/_next/static/chunks/137q_next_dist_0ewclpe._.js:776
[  433383ms] [LOG] [Fast Refresh] done in 19ms @ http://localhost:3000/_next/static/chunks/137q_next_dist_0ewclpe._.js:776
[  433436ms] [LOG] [Fast Refresh] done in 19ms @ http://localhost:3000/_next/static/chunks/137q_next_dist_0ewclpe._.js:776
[  433496ms] [LOG] [Fast Refresh] done in 19ms @ http://localhost:3000/_next/static/chunks/137q_next_dist_0ewclpe._.js:776
[  433577ms] [LOG] [Fast Refresh] done in 19ms @ http://localhost:3000/_next/static/chunks/137q_next_dist_0ewclpe._.js:776
[  433664ms] [LOG] [Fast Refresh] done in 19ms @ http://localhost:3000/_next/static/chunks/137q_next_dist_0ewclpe._.js:776
[  433750ms] [LOG] [Fast Refresh] done in 19ms @ http://localhost:3000/_next/static/chunks/137q_next_dist_0ewclpe._.js:776
[  433791ms] [LOG] [Fast Refresh] done in 19ms @ http://localhost:3000/_next/static/chunks/137q_next_dist_0ewclpe._.js:776
[  433853ms] [LOG] [Fast Refresh] done in 19ms @ http://localhost:3000/_next/static/chunks/137q_next_dist_0ewclpe._.js:776
[  433933ms] [LOG] [Fast Refresh] done in 19ms @ http://localhost:3000/_next/static/chunks/137q_next_dist_0ewclpe._.js:776
[  434022ms] [LOG] [Fast Refresh] done in 19ms @ http://localhost:3000/_next/static/chunks/137q_next_dist_0ewclpe._.js:776
[  434125ms] [LOG] [Fast Refresh] done in 19ms @ http://localhost:3000/_next/static/chunks/137q_next_dist_0ewclpe._.js:776
[  434164ms] [LOG] [Fast Refresh] done in 19ms @ http://localhost:3000/_next/static/chunks/137q_next_dist_0ewclpe._.js:776
[  434227ms] [LOG] [Fast Refresh] done in 19ms @ http://localhost:3000/_next/static/chunks/137q_next_dist_0ewclpe._.js:776
[  434300ms] [LOG] [Fast Refresh] done in 19ms @ http://localhost:3000/_next/static/chunks/137q_next_dist_0ewclpe._.js:776
[  434378ms] [LOG] [Fast Refresh] done in 19ms @ http://localhost:3000/_next/static/chunks/137q_next_dist_0ewclpe._.js:776
[  434417ms] [LOG] [Fast Refresh] done in 19ms @ http://localhost:3000/_next/static/chunks/137q_next_dist_0ewclpe._.js:776
[  434489ms] [LOG] [Fast Refresh] done in 19ms @ http://localhost:3000/_next/static/chunks/137q_next_dist_0ewclpe._.js:776
[  434561ms] [LOG] [Fast Refresh] done in 19ms @ http://localhost:3000/_next/static/chunks/137q_next_dist_0ewclpe._.js:776
[  434654ms] [LOG] [Fast Refresh] done in 19ms @ http://localhost:3000/_next/static/chunks/137q_next_dist_0ewclpe._.js:776
[  434755ms] [LOG] [Fast Refresh] done in 19ms @ http://localhost:3000/_next/static/chunks/137q_next_dist_0ewclpe._.js:776
[  434794ms] [LOG] [Fast Refresh] done in 19ms @ http://localhost:3000/_next/static/chunks/137q_next_dist_0ewclpe._.js:776
[  434860ms] [LOG] [Fast Refresh] done in 19ms @ http://localhost:3000/_next/static/chunks/137q_next_dist_0ewclpe._.js:776
[  434936ms] [LOG] [Fast Refresh] done in 19ms @ http://localhost:3000/_next/static/chunks/137q_next_dist_0ewclpe._.js:776
[  435020ms] [LOG] [Fast Refresh] done in 19ms @ http://localhost:3000/_next/static/chunks/137q_next_dist_0ewclpe._.js:776
[  435060ms] [LOG] [Fast Refresh] done in 19ms @ http://localhost:3000/_next/static/chunks/137q_next_dist_0ewclpe._.js:776
[  435132ms] [LOG] [Fast Refresh] done in 19ms @ http://localhost:3000/_next/static/chunks/137q_next_dist_0ewclpe._.js:776
[  435208ms] [LOG] [Fast Refresh] done in 19ms @ http://localhost:3000/_next/static/chunks/137q_next_dist_0ewclpe._.js:776
[  435245ms] [LOG] [Fast Refresh] done in 19ms @ http://localhost:3000/_next/static/chunks/137q_next_dist_0ewclpe._.js:776
[  435311ms] [LOG] [Fast Refresh] done in 19ms @ http://localhost:3000/_next/static/chunks/137q_next_dist_0ewclpe._.js:776
[  435401ms] [LOG] [Fast Refresh] done in 19ms @ http://localhost:3000/_next/static/chunks/137q_next_dist_0ewclpe._.js:776
[  435483ms] [LOG] [Fast Refresh] done in 19ms @ http://localhost:3000/_next/static/chunks/137q_next_dist_0ewclpe._.js:776
[  435525ms] [LOG] [Fast Refresh] done in 19ms @ http://localhost:3000/_next/static/chunks/137q_next_dist_0ewclpe._.js:776
[  435587ms] [LOG] [Fast Refresh] done in 19ms @ http://localhost:3000/_next/static/chunks/137q_next_dist_0ewclpe._.js:776
[  435655ms] [LOG] [Fast Refresh] done in 19ms @ http://localhost:3000/_next/static/chunks/137q_next_dist_0ewclpe._.js:776
[  435740ms] [LOG] [Fast Refresh] done in 19ms @ http://localhost:3000/_next/static/chunks/137q_next_dist_0ewclpe._.js:776
[  435820ms] [LOG] [Fast Refresh] done in 19ms @ http://localhost:3000/_next/static/chunks/137q_next_dist_0ewclpe._.js:776
[  435866ms] [LOG] [Fast Refresh] done in 19ms @ http://localhost:3000/_next/static/chunks/137q_next_dist_0ewclpe._.js:776
[  435942ms] [LOG] [Fast Refresh] done in 19ms @ http://localhost:3000/_next/static/chunks/137q_next_dist_0ewclpe._.js:776
[  436023ms] [LOG] [Fast Refresh] done in 19ms @ http://localhost:3000/_next/static/chunks/137q_next_dist_0ewclpe._.js:776
[  436104ms] [LOG] [Fast Refresh] done in 19ms @ http://localhost:3000/_next/static/chunks/137q_next_dist_0ewclpe._.js:776
[  436181ms] [LOG] [Fast Refresh] done in 19ms @ http://localhost:3000/_next/static/chunks/137q_next_dist_0ewclpe._.js:776
[  436260ms] [LOG] [Fast Refresh] done in 19ms @ http://localhost:3000/_next/static/chunks/137q_next_dist_0ewclpe._.js:776
[  436305ms] [LOG] [Fast Refresh] done in 19ms @ http://localhost:3000/_next/static/chunks/137q_next_dist_0ewclpe._.js:776
[  436367ms] [LOG] [Fast Refresh] done in 19ms @ http://localhost:3000/_next/static/chunks/137q_next_dist_0ewclpe._.js:776
[  436437ms] [LOG] [Fast Refresh] done in 19ms @ http://localhost:3000/_next/static/chunks/137q_next_dist_0ewclpe._.js:776
[  436475ms] [LOG] [Fast Refresh] done in 19ms @ http://localhost:3000/_next/static/chunks/137q_next_dist_0ewclpe._.js:776
[  436540ms] [LOG] [Fast Refresh] done in 19ms @ http://localhost:3000/_next/static/chunks/137q_next_dist_0ewclpe._.js:776
[  436617ms] [LOG] [Fast Refresh] done in 19ms @ http://localhost:3000/_next/static/chunks/137q_next_dist_0ewclpe._.js:776
[  436694ms] [LOG] [Fast Refresh] done in 19ms @ http://localhost:3000/_next/static/chunks/137q_next_dist_0ewclpe._.js:776
[  436796ms] [LOG] [Fast Refresh] done in 19ms @ http://localhost:3000/_next/static/chunks/137q_next_dist_0ewclpe._.js:776
[  436871ms] [LOG] [Fast Refresh] done in 19ms @ http://localhost:3000/_next/static/chunks/137q_next_dist_0ewclpe._.js:776
[  436956ms] [LOG] [Fast Refresh] done in 19ms @ http://localhost:3000/_next/static/chunks/137q_next_dist_0ewclpe._.js:776
[  437045ms] [LOG] [Fast Refresh] done in 19ms @ http://localhost:3000/_next/static/chunks/137q_next_dist_0ewclpe._.js:776
[  437123ms] [LOG] [Fast Refresh] done in 19ms @ http://localhost:3000/_next/static/chunks/137q_next_dist_0ewclpe._.js:776
[  437212ms] [LOG] [Fast Refresh] done in 19ms @ http://localhost:3000/_next/static/chunks/137q_next_dist_0ewclpe._.js:776
[  437259ms] [LOG] [Fast Refresh] done in 19ms @ http://localhost:3000/_next/static/chunks/137q_next_dist_0ewclpe._.js:776
[  437306ms] [LOG] [Fast Refresh] done in 19ms @ http://localhost:3000/_next/static/chunks/137q_next_dist_0ewclpe._.js:776
[  437393ms] [LOG] [Fast Refresh] done in 19ms @ http://localhost:3000/_next/static/chunks/137q_next_dist_0ewclpe._.js:776
[  472579ms] [LOG] [Fast Refresh] rebuilding @ http://localhost:3000/_next/static/chunks/137q_next_dist_0ewclpe._.js:776
[  472587ms] [LOG] [Fast Refresh] done in 36ms @ http://localhost:3000/_next/static/chunks/137q_next_dist_0ewclpe._.js:776
[  472754ms] [LOG] [Fast Refresh] done in 202ms @ http://localhost:3000/_next/static/chunks/137q_next_dist_0ewclpe._.js:776
[  490381ms] [LOG] [Fast Refresh] rebuilding @ http://localhost:3000/_next/static/chunks/137q_next_dist_0ewclpe._.js:776
[  490381ms] [LOG] [Fast Refresh] done in 64ms @ http://localhost:3000/_next/static/chunks/137q_next_dist_0ewclpe._.js:776
[  491292ms] [LOG] [Fast Refresh] done in 64ms @ http://localhost:3000/_next/static/chunks/137q_next_dist_0ewclpe._.js:776
[  491390ms] [LOG] [Fast Refresh] done in 64ms @ http://localhost:3000/_next/static/chunks/137q_next_dist_0ewclpe._.js:776
[  491468ms] [LOG] [Fast Refresh] done in 64ms @ http://localhost:3000/_next/static/chunks/137q_next_dist_0ewclpe._.js:776
[  491529ms] [LOG] [Fast Refresh] done in 64ms @ http://localhost:3000/_next/static/chunks/137q_next_dist_0ewclpe._.js:776
[  491589ms] [LOG] [Fast Refresh] done in 64ms @ http://localhost:3000/_next/static/chunks/137q_next_dist_0ewclpe._.js:776
[  491657ms] [LOG] [Fast Refresh] done in 64ms @ http://localhost:3000/_next/static/chunks/137q_next_dist_0ewclpe._.js:776
[  491731ms] [LOG] [Fast Refresh] done in 64ms @ http://localhost:3000/_next/static/chunks/137q_next_dist_0ewclpe._.js:776
[  491805ms] [LOG] [Fast Refresh] done in 64ms @ http://localhost:3000/_next/static/chunks/137q_next_dist_0ewclpe._.js:776
[  491879ms] [LOG] [Fast Refresh] done in 64ms @ http://localhost:3000/_next/static/chunks/137q_next_dist_0ewclpe._.js:776
[  491939ms] [LOG] [Fast Refresh] done in 64ms @ http://localhost:3000/_next/static/chunks/137q_next_dist_0ewclpe._.js:776
[  492013ms] [LOG] [Fast Refresh] done in 64ms @ http://localhost:3000/_next/static/chunks/137q_next_dist_0ewclpe._.js:776
[  492090ms] [LOG] [Fast Refresh] done in 64ms @ http://localhost:3000/_next/static/chunks/137q_next_dist_0ewclpe._.js:776
[  492174ms] [LOG] [Fast Refresh] done in 64ms @ http://localhost:3000/_next/static/chunks/137q_next_dist_0ewclpe._.js:776
[  492211ms] [LOG] [Fast Refresh] done in 64ms @ http://localhost:3000/_next/static/chunks/137q_next_dist_0ewclpe._.js:776
[  492273ms] [LOG] [Fast Refresh] done in 64ms @ http://localhost:3000/_next/static/chunks/137q_next_dist_0ewclpe._.js:776
[  492338ms] [LOG] [Fast Refresh] done in 64ms @ http://localhost:3000/_next/static/chunks/137q_next_dist_0ewclpe._.js:776
[  492399ms] [LOG] [Fast Refresh] done in 64ms @ http://localhost:3000/_next/static/chunks/137q_next_dist_0ewclpe._.js:776
[  492464ms] [LOG] [Fast Refresh] done in 64ms @ http://localhost:3000/_next/static/chunks/137q_next_dist_0ewclpe._.js:776
[  492528ms] [LOG] [Fast Refresh] done in 64ms @ http://localhost:3000/_next/static/chunks/137q_next_dist_0ewclpe._.js:776
[  492605ms] [LOG] [Fast Refresh] done in 64ms @ http://localhost:3000/_next/static/chunks/137q_next_dist_0ewclpe._.js:776
[  492666ms] [LOG] [Fast Refresh] done in 64ms @ http://localhost:3000/_next/static/chunks/137q_next_dist_0ewclpe._.js:776
[  492729ms] [LOG] [Fast Refresh] done in 64ms @ http://localhost:3000/_next/static/chunks/137q_next_dist_0ewclpe._.js:776
[  492789ms] [LOG] [Fast Refresh] done in 64ms @ http://localhost:3000/_next/static/chunks/137q_next_dist_0ewclpe._.js:776
[  492868ms] [LOG] [Fast Refresh] done in 64ms @ http://localhost:3000/_next/static/chunks/137q_next_dist_0ewclpe._.js:776
[  492924ms] [LOG] [Fast Refresh] done in 64ms @ http://localhost:3000/_next/static/chunks/137q_next_dist_0ewclpe._.js:776
[  492987ms] [LOG] [Fast Refresh] done in 64ms @ http://localhost:3000/_next/static/chunks/137q_next_dist_0ewclpe._.js:776
[  493053ms] [LOG] [Fast Refresh] done in 64ms @ http://localhost:3000/_next/static/chunks/137q_next_dist_0ewclpe._.js:776
[  493128ms] [LOG] [Fast Refresh] done in 64ms @ http://localhost:3000/_next/static/chunks/137q_next_dist_0ewclpe._.js:776
[  493206ms] [LOG] [Fast Refresh] done in 64ms @ http://localhost:3000/_next/static/chunks/137q_next_dist_0ewclpe._.js:776
[  493267ms] [LOG] [Fast Refresh] done in 64ms @ http://localhost:3000/_next/static/chunks/137q_next_dist_0ewclpe._.js:776
[  493335ms] [LOG] [Fast Refresh] done in 64ms @ http://localhost:3000/_next/static/chunks/137q_next_dist_0ewclpe._.js:776
[  493399ms] [LOG] [Fast Refresh] done in 64ms @ http://localhost:3000/_next/static/chunks/137q_next_dist_0ewclpe._.js:776
[  493476ms] [LOG] [Fast Refresh] done in 64ms @ http://localhost:3000/_next/static/chunks/137q_next_dist_0ewclpe._.js:776
[  493542ms] [LOG] [Fast Refresh] done in 64ms @ http://localhost:3000/_next/static/chunks/137q_next_dist_0ewclpe._.js:776
[  493612ms] [LOG] [Fast Refresh] done in 64ms @ http://localhost:3000/_next/static/chunks/137q_next_dist_0ewclpe._.js:776
[  493688ms] [LOG] [Fast Refresh] done in 64ms @ http://localhost:3000/_next/static/chunks/137q_next_dist_0ewclpe._.js:776
[  493751ms] [LOG] [Fast Refresh] done in 64ms @ http://localhost:3000/_next/static/chunks/137q_next_dist_0ewclpe._.js:776
[  493811ms] [LOG] [Fast Refresh] done in 64ms @ http://localhost:3000/_next/static/chunks/137q_next_dist_0ewclpe._.js:776
[  502544ms] [LOG] [Fast Refresh] rebuilding @ http://localhost:3000/_next/static/chunks/137q_next_dist_0ewclpe._.js:776
[  502669ms] [LOG] [Fast Refresh] done in 79ms @ http://localhost:3000/_next/static/chunks/137q_next_dist_0ewclpe._.js:776
[  502753ms] [LOG] [Fast Refresh] done in 79ms @ http://localhost:3000/_next/static/chunks/137q_next_dist_0ewclpe._.js:776
[  502826ms] [LOG] [Fast Refresh] done in 79ms @ http://localhost:3000/_next/static/chunks/137q_next_dist_0ewclpe._.js:776
[  502846ms] [LOG] [Fast Refresh] done in 79ms @ http://localhost:3000/_next/static/chunks/137q_next_dist_0ewclpe._.js:776
[  502941ms] [LOG] [Fast Refresh] done in 79ms @ http://localhost:3000/_next/static/chunks/137q_next_dist_0ewclpe._.js:776
[  503020ms] [LOG] [Fast Refresh] done in 79ms @ http://localhost:3000/_next/static/chunks/137q_next_dist_0ewclpe._.js:776
[  503099ms] [LOG] [Fast Refresh] done in 79ms @ http://localhost:3000/_next/static/chunks/137q_next_dist_0ewclpe._.js:776
[  503171ms] [LOG] [Fast Refresh] done in 79ms @ http://localhost:3000/_next/static/chunks/137q_next_dist_0ewclpe._.js:776
[  503247ms] [LOG] [Fast Refresh] done in 79ms @ http://localhost:3000/_next/static/chunks/137q_next_dist_0ewclpe._.js:776
[  503326ms] [LOG] [Fast Refresh] done in 79ms @ http://localhost:3000/_next/static/chunks/137q_next_dist_0ewclpe._.js:776
[  503387ms] [LOG] [Fast Refresh] done in 79ms @ http://localhost:3000/_next/static/chunks/137q_next_dist_0ewclpe._.js:776
[  503470ms] [LOG] [Fast Refresh] done in 79ms @ http://localhost:3000/_next/static/chunks/137q_next_dist_0ewclpe._.js:776
[  503532ms] [LOG] [Fast Refresh] done in 79ms @ http://localhost:3000/_next/static/chunks/137q_next_dist_0ewclpe._.js:776
[  503606ms] [LOG] [Fast Refresh] done in 79ms @ http://localhost:3000/_next/static/chunks/137q_next_dist_0ewclpe._.js:776
[  503672ms] [LOG] [Fast Refresh] done in 79ms @ http://localhost:3000/_next/static/chunks/137q_next_dist_0ewclpe._.js:776
[  503731ms] [LOG] [Fast Refresh] done in 79ms @ http://localhost:3000/_next/static/chunks/137q_next_dist_0ewclpe._.js:776
[  503793ms] [LOG] [Fast Refresh] done in 79ms @ http://localhost:3000/_next/static/chunks/137q_next_dist_0ewclpe._.js:776
[  503858ms] [LOG] [Fast Refresh] done in 79ms @ http://localhost:3000/_next/static/chunks/137q_next_dist_0ewclpe._.js:776
[  561004ms] [LOG] [Fast Refresh] rebuilding @ http://localhost:3000/_next/static/chunks/137q_next_dist_0ewclpe._.js:776
[  561151ms] [LOG] [Fast Refresh] done in 167ms @ http://localhost:3000/_next/static/chunks/137q_next_dist_0ewclpe._.js:776
[  561233ms] [LOG] [Fast Refresh] done in 167ms @ http://localhost:3000/_next/static/chunks/137q_next_dist_0ewclpe._.js:776
[  561294ms] [LOG] [Fast Refresh] done in 167ms @ http://localhost:3000/_next/static/chunks/137q_next_dist_0ewclpe._.js:776
[  561351ms] [LOG] [Fast Refresh] done in 167ms @ http://localhost:3000/_next/static/chunks/137q_next_dist_0ewclpe._.js:776
[  561424ms] [LOG] [Fast Refresh] done in 167ms @ http://localhost:3000/_next/static/chunks/137q_next_dist_0ewclpe._.js:776
[  561488ms] [LOG] [Fast Refresh] done in 167ms @ http://localhost:3000/_next/static/chunks/137q_next_dist_0ewclpe._.js:776
[  561561ms] [LOG] [Fast Refresh] done in 167ms @ http://localhost:3000/_next/static/chunks/137q_next_dist_0ewclpe._.js:776
[  561640ms] [LOG] [Fast Refresh] done in 167ms @ http://localhost:3000/_next/static/chunks/137q_next_dist_0ewclpe._.js:776
[  561709ms] [LOG] [Fast Refresh] done in 167ms @ http://localhost:3000/_next/static/chunks/137q_next_dist_0ewclpe._.js:776
[  561783ms] [LOG] [Fast Refresh] done in 167ms @ http://localhost:3000/_next/static/chunks/137q_next_dist_0ewclpe._.js:776
[  561858ms] [LOG] [Fast Refresh] done in 167ms @ http://localhost:3000/_next/static/chunks/137q_next_dist_0ewclpe._.js:776
[  561920ms] [LOG] [Fast Refresh] done in 167ms @ http://localhost:3000/_next/static/chunks/137q_next_dist_0ewclpe._.js:776
[  561987ms] [LOG] [Fast Refresh] done in 167ms @ http://localhost:3000/_next/static/chunks/137q_next_dist_0ewclpe._.js:776
[  562043ms] [LOG] [Fast Refresh] done in 167ms @ http://localhost:3000/_next/static/chunks/137q_next_dist_0ewclpe._.js:776
[  562119ms] [LOG] [Fast Refresh] done in 167ms @ http://localhost:3000/_next/static/chunks/137q_next_dist_0ewclpe._.js:776
[  562181ms] [LOG] [Fast Refresh] done in 167ms @ http://localhost:3000/_next/static/chunks/137q_next_dist_0ewclpe._.js:776
[  562246ms] [LOG] [Fast Refresh] done in 167ms @ http://localhost:3000/_next/static/chunks/137q_next_dist_0ewclpe._.js:776
[  562317ms] [LOG] [Fast Refresh] done in 167ms @ http://localhost:3000/_next/static/chunks/137q_next_dist_0ewclpe._.js:776
[  562391ms] [LOG] [Fast Refresh] done in 167ms @ http://localhost:3000/_next/static/chunks/137q_next_dist_0ewclpe._.js:776
[  562458ms] [LOG] [Fast Refresh] done in 167ms @ http://localhost:3000/_next/static/chunks/137q_next_dist_0ewclpe._.js:776
[  562528ms] [LOG] [Fast Refresh] done in 167ms @ http://localhost:3000/_next/static/chunks/137q_next_dist_0ewclpe._.js:776
[  562606ms] [LOG] [Fast Refresh] done in 167ms @ http://localhost:3000/_next/static/chunks/137q_next_dist_0ewclpe._.js:776
[  562671ms] [LOG] [Fast Refresh] done in 167ms @ http://localhost:3000/_next/static/chunks/137q_next_dist_0ewclpe._.js:776
[  562733ms] [LOG] [Fast Refresh] done in 167ms @ http://localhost:3000/_next/static/chunks/137q_next_dist_0ewclpe._.js:776
[  562792ms] [LOG] [Fast Refresh] done in 167ms @ http://localhost:3000/_next/static/chunks/137q_next_dist_0ewclpe._.js:776
[  562879ms] [LOG] [Fast Refresh] done in 167ms @ http://localhost:3000/_next/static/chunks/137q_next_dist_0ewclpe._.js:776
[  562950ms] [LOG] [Fast Refresh] done in 167ms @ http://localhost:3000/_next/static/chunks/137q_next_dist_0ewclpe._.js:776
[  563013ms] [LOG] [Fast Refresh] done in 167ms @ http://localhost:3000/_next/static/chunks/137q_next_dist_0ewclpe._.js:776
[  563075ms] [LOG] [Fast Refresh] done in 167ms @ http://localhost:3000/_next/static/chunks/137q_next_dist_0ewclpe._.js:776
[  563140ms] [LOG] [Fast Refresh] done in 167ms @ http://localhost:3000/_next/static/chunks/137q_next_dist_0ewclpe._.js:776
[  563210ms] [LOG] [Fast Refresh] done in 167ms @ http://localhost:3000/_next/static/chunks/137q_next_dist_0ewclpe._.js:776
[  563288ms] [LOG] [Fast Refresh] done in 167ms @ http://localhost:3000/_next/static/chunks/137q_next_dist_0ewclpe._.js:776
[  563352ms] [LOG] [Fast Refresh] done in 167ms @ http://localhost:3000/_next/static/chunks/137q_next_dist_0ewclpe._.js:776
[  563420ms] [LOG] [Fast Refresh] done in 167ms @ http://localhost:3000/_next/static/chunks/137q_next_dist_0ewclpe._.js:776
[  563495ms] [LOG] [Fast Refresh] done in 167ms @ http://localhost:3000/_next/static/chunks/137q_next_dist_0ewclpe._.js:776
[  563559ms] [LOG] [Fast Refresh] done in 167ms @ http://localhost:3000/_next/static/chunks/137q_next_dist_0ewclpe._.js:776
[  563618ms] [LOG] [Fast Refresh] done in 167ms @ http://localhost:3000/_next/static/chunks/137q_next_dist_0ewclpe._.js:776
[  563680ms] [LOG] [Fast Refresh] done in 167ms @ http://localhost:3000/_next/static/chunks/137q_next_dist_0ewclpe._.js:776
[  563741ms] [LOG] [Fast Refresh] done in 167ms @ http://localhost:3000/_next/static/chunks/137q_next_dist_0ewclpe._.js:776
[  563802ms] [LOG] [Fast Refresh] done in 167ms @ http://localhost:3000/_next/static/chunks/137q_next_dist_0ewclpe._.js:776
[  563863ms] [LOG] [Fast Refresh] done in 167ms @ http://localhost:3000/_next/static/chunks/137q_next_dist_0ewclpe._.js:776
[  563945ms] [LOG] [Fast Refresh] done in 167ms @ http://localhost:3000/_next/static/chunks/137q_next_dist_0ewclpe._.js:776
[  564017ms] [LOG] [Fast Refresh] done in 167ms @ http://localhost:3000/_next/static/chunks/137q_next_dist_0ewclpe._.js:776
[  564078ms] [LOG] [Fast Refresh] done in 167ms @ http://localhost:3000/_next/static/chunks/137q_next_dist_0ewclpe._.js:776
[  564139ms] [LOG] [Fast Refresh] done in 167ms @ http://localhost:3000/_next/static/chunks/137q_next_dist_0ewclpe._.js:776
[  564201ms] [LOG] [Fast Refresh] done in 167ms @ http://localhost:3000/_next/static/chunks/137q_next_dist_0ewclpe._.js:776
[  564266ms] [LOG] [Fast Refresh] done in 167ms @ http://localhost:3000/_next/static/chunks/137q_next_dist_0ewclpe._.js:776
[  564330ms] [LOG] [Fast Refresh] done in 167ms @ http://localhost:3000/_next/static/chunks/137q_next_dist_0ewclpe._.js:776
[  564391ms] [LOG] [Fast Refresh] done in 167ms @ http://localhost:3000/_next/static/chunks/137q_next_dist_0ewclpe._.js:776
[  564455ms] [LOG] [Fast Refresh] done in 167ms @ http://localhost:3000/_next/static/chunks/137q_next_dist_0ewclpe._.js:776
[  564518ms] [LOG] [Fast Refresh] done in 167ms @ http://localhost:3000/_next/static/chunks/137q_next_dist_0ewclpe._.js:776
[  564595ms] [LOG] [Fast Refresh] done in 167ms @ http://localhost:3000/_next/static/chunks/137q_next_dist_0ewclpe._.js:776
[  564660ms] [LOG] [Fast Refresh] done in 167ms @ http://localhost:3000/_next/static/chunks/137q_next_dist_0ewclpe._.js:776
[  564720ms] [LOG] [Fast Refresh] done in 167ms @ http://localhost:3000/_next/static/chunks/137q_next_dist_0ewclpe._.js:776
[  564780ms] [LOG] [Fast Refresh] done in 167ms @ http://localhost:3000/_next/static/chunks/137q_next_dist_0ewclpe._.js:776
[  564842ms] [LOG] [Fast Refresh] done in 167ms @ http://localhost:3000/_next/static/chunks/137q_next_dist_0ewclpe._.js:776
[  564907ms] [LOG] [Fast Refresh] done in 167ms @ http://localhost:3000/_next/static/chunks/137q_next_dist_0ewclpe._.js:776
[  564982ms] [LOG] [Fast Refresh] done in 167ms @ http://localhost:3000/_next/static/chunks/137q_next_dist_0ewclpe._.js:776
[  565052ms] [LOG] [Fast Refresh] done in 167ms @ http://localhost:3000/_next/static/chunks/137q_next_dist_0ewclpe._.js:776
[  565108ms] [LOG] [Fast Refresh] done in 167ms @ http://localhost:3000/_next/static/chunks/137q_next_dist_0ewclpe._.js:776
[  565172ms] [LOG] [Fast Refresh] done in 167ms @ http://localhost:3000/_next/static/chunks/137q_next_dist_0ewclpe._.js:776
[  565232ms] [LOG] [Fast Refresh] done in 167ms @ http://localhost:3000/_next/static/chunks/137q_next_dist_0ewclpe._.js:776
[  565312ms] [LOG] [Fast Refresh] done in 167ms @ http://localhost:3000/_next/static/chunks/137q_next_dist_0ewclpe._.js:776
[  565375ms] [LOG] [Fast Refresh] done in 167ms @ http://localhost:3000/_next/static/chunks/137q_next_dist_0ewclpe._.js:776
[  565436ms] [LOG] [Fast Refresh] done in 167ms @ http://localhost:3000/_next/static/chunks/137q_next_dist_0ewclpe._.js:776
[  565499ms] [LOG] [Fast Refresh] done in 167ms @ http://localhost:3000/_next/static/chunks/137q_next_dist_0ewclpe._.js:776
[  565568ms] [LOG] [Fast Refresh] done in 167ms @ http://localhost:3000/_next/static/chunks/137q_next_dist_0ewclpe._.js:776
[  565647ms] [LOG] [Fast Refresh] done in 167ms @ http://localhost:3000/_next/static/chunks/137q_next_dist_0ewclpe._.js:776
[  565714ms] [LOG] [Fast Refresh] done in 167ms @ http://localhost:3000/_next/static/chunks/137q_next_dist_0ewclpe._.js:776
[  565778ms] [LOG] [Fast Refresh] done in 167ms @ http://localhost:3000/_next/static/chunks/137q_next_dist_0ewclpe._.js:776
[  565838ms] [LOG] [Fast Refresh] done in 167ms @ http://localhost:3000/_next/static/chunks/137q_next_dist_0ewclpe._.js:776
[  565903ms] [LOG] [Fast Refresh] done in 167ms @ http://localhost:3000/_next/static/chunks/137q_next_dist_0ewclpe._.js:776
[  565974ms] [LOG] [Fast Refresh] done in 167ms @ http://localhost:3000/_next/static/chunks/137q_next_dist_0ewclpe._.js:776
[  566042ms] [LOG] [Fast Refresh] done in 167ms @ http://localhost:3000/_next/static/chunks/137q_next_dist_0ewclpe._.js:776
[  566104ms] [LOG] [Fast Refresh] done in 167ms @ http://localhost:3000/_next/static/chunks/137q_next_dist_0ewclpe._.js:776
[  566166ms] [LOG] [Fast Refresh] done in 167ms @ http://localhost:3000/_next/static/chunks/137q_next_dist_0ewclpe._.js:776
[  566231ms] [LOG] [Fast Refresh] done in 167ms @ http://localhost:3000/_next/static/chunks/137q_next_dist_0ewclpe._.js:776
[  566292ms] [LOG] [Fast Refresh] done in 167ms @ http://localhost:3000/_next/static/chunks/137q_next_dist_0ewclpe._.js:776
[  566365ms] [LOG] [Fast Refresh] done in 167ms @ http://localhost:3000/_next/static/chunks/137q_next_dist_0ewclpe._.js:776
[  566430ms] [LOG] [Fast Refresh] done in 167ms @ http://localhost:3000/_next/static/chunks/137q_next_dist_0ewclpe._.js:776
[  566494ms] [LOG] [Fast Refresh] done in 167ms @ http://localhost:3000/_next/static/chunks/137q_next_dist_0ewclpe._.js:776
[  566556ms] [LOG] [Fast Refresh] done in 167ms @ http://localhost:3000/_next/static/chunks/137q_next_dist_0ewclpe._.js:776
[  566609ms] [LOG] [Fast Refresh] done in 167ms @ http://localhost:3000/_next/static/chunks/137q_next_dist_0ewclpe._.js:776
[  566686ms] [LOG] [Fast Refresh] done in 167ms @ http://localhost:3000/_next/static/chunks/137q_next_dist_0ewclpe._.js:776
[  566749ms] [LOG] [Fast Refresh] done in 167ms @ http://localhost:3000/_next/static/chunks/137q_next_dist_0ewclpe._.js:776
[  566813ms] [LOG] [Fast Refresh] done in 167ms @ http://localhost:3000/_next/static/chunks/137q_next_dist_0ewclpe._.js:776
[  566878ms] [LOG] [Fast Refresh] done in 167ms @ http://localhost:3000/_next/static/chunks/137q_next_dist_0ewclpe._.js:776
[  566939ms] [LOG] [Fast Refresh] done in 167ms @ http://localhost:3000/_next/static/chunks/137q_next_dist_0ewclpe._.js:776
[  566999ms] [LOG] [Fast Refresh] done in 167ms @ http://localhost:3000/_next/static/chunks/137q_next_dist_0ewclpe._.js:776
[  567061ms] [LOG] [Fast Refresh] done in 167ms @ http://localhost:3000/_next/static/chunks/137q_next_dist_0ewclpe._.js:776
[  567130ms] [LOG] [Fast Refresh] done in 167ms @ http://localhost:3000/_next/static/chunks/137q_next_dist_0ewclpe._.js:776
[  567198ms] [LOG] [Fast Refresh] done in 167ms @ http://localhost:3000/_next/static/chunks/137q_next_dist_0ewclpe._.js:776
[  567977ms] [LOG] [Fast Refresh] done in 167ms @ http://localhost:3000/_next/static/chunks/137q_next_dist_0ewclpe._.js:776
[  568035ms] [LOG] [Fast Refresh] done in 167ms @ http://localhost:3000/_next/static/chunks/137q_next_dist_0ewclpe._.js:776
[  568136ms] [LOG] [Fast Refresh] done in 167ms @ http://localhost:3000/_next/static/chunks/137q_next_dist_0ewclpe._.js:776
[  568183ms] [LOG] [Fast Refresh] done in 167ms @ http://localhost:3000/_next/static/chunks/137q_next_dist_0ewclpe._.js:776
[  568269ms] [LOG] [Fast Refresh] done in 167ms @ http://localhost:3000/_next/static/chunks/137q_next_dist_0ewclpe._.js:776
[  568328ms] [LOG] [Fast Refresh] done in 167ms @ http://localhost:3000/_next/static/chunks/137q_next_dist_0ewclpe._.js:776
[  568393ms] [LOG] [Fast Refresh] done in 167ms @ http://localhost:3000/_next/static/chunks/137q_next_dist_0ewclpe._.js:776
[  568455ms] [LOG] [Fast Refresh] done in 167ms @ http://localhost:3000/_next/static/chunks/137q_next_dist_0ewclpe._.js:776
[  568523ms] [LOG] [Fast Refresh] done in 167ms @ http://localhost:3000/_next/static/chunks/137q_next_dist_0ewclpe._.js:776
[  568576ms] [LOG] [Fast Refresh] done in 167ms @ http://localhost:3000/_next/static/chunks/137q_next_dist_0ewclpe._.js:776
[  568639ms] [LOG] [Fast Refresh] done in 167ms @ http://localhost:3000/_next/static/chunks/137q_next_dist_0ewclpe._.js:776
[  568701ms] [LOG] [Fast Refresh] done in 167ms @ http://localhost:3000/_next/static/chunks/137q_next_dist_0ewclpe._.js:776
[  568763ms] [LOG] [Fast Refresh] done in 167ms @ http://localhost:3000/_next/static/chunks/137q_next_dist_0ewclpe._.js:776
[  568825ms] [LOG] [Fast Refresh] done in 167ms @ http://localhost:3000/_next/static/chunks/137q_next_dist_0ewclpe._.js:776
[  568886ms] [LOG] [Fast Refresh] done in 167ms @ http://localhost:3000/_next/static/chunks/137q_next_dist_0ewclpe._.js:776
[  568948ms] [LOG] [Fast Refresh] done in 167ms @ http://localhost:3000/_next/static/chunks/137q_next_dist_0ewclpe._.js:776
[  569011ms] [LOG] [Fast Refresh] done in 167ms @ http://localhost:3000/_next/static/chunks/137q_next_dist_0ewclpe._.js:776
[  569072ms] [LOG] [Fast Refresh] done in 167ms @ http://localhost:3000/_next/static/chunks/137q_next_dist_0ewclpe._.js:776
[  569135ms] [LOG] [Fast Refresh] done in 167ms @ http://localhost:3000/_next/static/chunks/137q_next_dist_0ewclpe._.js:776
[  569196ms] [LOG] [Fast Refresh] done in 167ms @ http://localhost:3000/_next/static/chunks/137q_next_dist_0ewclpe._.js:776
[  569259ms] [LOG] [Fast Refresh] done in 167ms @ http://localhost:3000/_next/static/chunks/137q_next_dist_0ewclpe._.js:776
[  569321ms] [LOG] [Fast Refresh] done in 167ms @ http://localhost:3000/_next/static/chunks/137q_next_dist_0ewclpe._.js:776
[  569384ms] [LOG] [Fast Refresh] done in 167ms @ http://localhost:3000/_next/static/chunks/137q_next_dist_0ewclpe._.js:776
[  569447ms] [LOG] [Fast Refresh] done in 167ms @ http://localhost:3000/_next/static/chunks/137q_next_dist_0ewclpe._.js:776
[  569508ms] [LOG] [Fast Refresh] done in 167ms @ http://localhost:3000/_next/static/chunks/137q_next_dist_0ewclpe._.js:776
[  569572ms] [LOG] [Fast Refresh] done in 167ms @ http://localhost:3000/_next/static/chunks/137q_next_dist_0ewclpe._.js:776
[  569634ms] [LOG] [Fast Refresh] done in 167ms @ http://localhost:3000/_next/static/chunks/137q_next_dist_0ewclpe._.js:776
[  569697ms] [LOG] [Fast Refresh] done in 167ms @ http://localhost:3000/_next/static/chunks/137q_next_dist_0ewclpe._.js:776
[  569758ms] [LOG] [Fast Refresh] done in 167ms @ http://localhost:3000/_next/static/chunks/137q_next_dist_0ewclpe._.js:776
[  569820ms] [LOG] [Fast Refresh] done in 167ms @ http://localhost:3000/_next/static/chunks/137q_next_dist_0ewclpe._.js:776
[  569884ms] [LOG] [Fast Refresh] done in 167ms @ http://localhost:3000/_next/static/chunks/137q_next_dist_0ewclpe._.js:776
[  569946ms] [LOG] [Fast Refresh] done in 167ms @ http://localhost:3000/_next/static/chunks/137q_next_dist_0ewclpe._.js:776
[  570007ms] [LOG] [Fast Refresh] done in 167ms @ http://localhost:3000/_next/static/chunks/137q_next_dist_0ewclpe._.js:776
[  570069ms] [LOG] [Fast Refresh] done in 167ms @ http://localhost:3000/_next/static/chunks/137q_next_dist_0ewclpe._.js:776
[  570132ms] [LOG] [Fast Refresh] done in 167ms @ http://localhost:3000/_next/static/chunks/137q_next_dist_0ewclpe._.js:776
[  570193ms] [LOG] [Fast Refresh] done in 167ms @ http://localhost:3000/_next/static/chunks/137q_next_dist_0ewclpe._.js:776
[  570257ms] [LOG] [Fast Refresh] done in 167ms @ http://localhost:3000/_next/static/chunks/137q_next_dist_0ewclpe._.js:776
[  570319ms] [LOG] [Fast Refresh] done in 167ms @ http://localhost:3000/_next/static/chunks/137q_next_dist_0ewclpe._.js:776
[  570382ms] [LOG] [Fast Refresh] done in 167ms @ http://localhost:3000/_next/static/chunks/137q_next_dist_0ewclpe._.js:776
[  570429ms] [LOG] [Fast Refresh] done in 167ms @ http://localhost:3000/_next/static/chunks/137q_next_dist_0ewclpe._.js:776
[  570490ms] [LOG] [Fast Refresh] done in 167ms @ http://localhost:3000/_next/static/chunks/137q_next_dist_0ewclpe._.js:776
[  570552ms] [LOG] [Fast Refresh] done in 167ms @ http://localhost:3000/_next/static/chunks/137q_next_dist_0ewclpe._.js:776
[  570615ms] [LOG] [Fast Refresh] done in 167ms @ http://localhost:3000/_next/static/chunks/137q_next_dist_0ewclpe._.js:776
[  570678ms] [LOG] [Fast Refresh] done in 167ms @ http://localhost:3000/_next/static/chunks/137q_next_dist_0ewclpe._.js:776
[  570740ms] [LOG] [Fast Refresh] done in 167ms @ http://localhost:3000/_next/static/chunks/137q_next_dist_0ewclpe._.js:776
[  570801ms] [LOG] [Fast Refresh] done in 167ms @ http://localhost:3000/_next/static/chunks/137q_next_dist_0ewclpe._.js:776
[  570864ms] [LOG] [Fast Refresh] done in 167ms @ http://localhost:3000/_next/static/chunks/137q_next_dist_0ewclpe._.js:776
[  570926ms] [LOG] [Fast Refresh] done in 167ms @ http://localhost:3000/_next/static/chunks/137q_next_dist_0ewclpe._.js:776
[  570987ms] [LOG] [Fast Refresh] done in 167ms @ http://localhost:3000/_next/static/chunks/137q_next_dist_0ewclpe._.js:776
[  571049ms] [LOG] [Fast Refresh] done in 167ms @ http://localhost:3000/_next/static/chunks/137q_next_dist_0ewclpe._.js:776
[  571112ms] [LOG] [Fast Refresh] done in 167ms @ http://localhost:3000/_next/static/chunks/137q_next_dist_0ewclpe._.js:776
[  571175ms] [LOG] [Fast Refresh] done in 167ms @ http://localhost:3000/_next/static/chunks/137q_next_dist_0ewclpe._.js:776
[  571236ms] [LOG] [Fast Refresh] done in 167ms @ http://localhost:3000/_next/static/chunks/137q_next_dist_0ewclpe._.js:776
[  571299ms] [LOG] [Fast Refresh] done in 167ms @ http://localhost:3000/_next/static/chunks/137q_next_dist_0ewclpe._.js:776
[  571361ms] [LOG] [Fast Refresh] done in 167ms @ http://localhost:3000/_next/static/chunks/137q_next_dist_0ewclpe._.js:776
[  571424ms] [LOG] [Fast Refresh] done in 167ms @ http://localhost:3000/_next/static/chunks/137q_next_dist_0ewclpe._.js:776
[  571486ms] [LOG] [Fast Refresh] done in 167ms @ http://localhost:3000/_next/static/chunks/137q_next_dist_0ewclpe._.js:776
[  571549ms] [LOG] [Fast Refresh] done in 167ms @ http://localhost:3000/_next/static/chunks/137q_next_dist_0ewclpe._.js:776
[  571612ms] [LOG] [Fast Refresh] done in 167ms @ http://localhost:3000/_next/static/chunks/137q_next_dist_0ewclpe._.js:776
[  571673ms] [LOG] [Fast Refresh] done in 167ms @ http://localhost:3000/_next/static/chunks/137q_next_dist_0ewclpe._.js:776
[  571736ms] [LOG] [Fast Refresh] done in 167ms @ http://localhost:3000/_next/static/chunks/137q_next_dist_0ewclpe._.js:776
[  571799ms] [LOG] [Fast Refresh] done in 167ms @ http://localhost:3000/_next/static/chunks/137q_next_dist_0ewclpe._.js:776
[  571862ms] [LOG] [Fast Refresh] done in 167ms @ http://localhost:3000/_next/static/chunks/137q_next_dist_0ewclpe._.js:776
[  571926ms] [LOG] [Fast Refresh] done in 167ms @ http://localhost:3000/_next/static/chunks/137q_next_dist_0ewclpe._.js:776
[  571977ms] [LOG] [Fast Refresh] done in 167ms @ http://localhost:3000/_next/static/chunks/137q_next_dist_0ewclpe._.js:776
[  572115ms] [LOG] [Fast Refresh] done in 11130ms @ http://localhost:3000/_next/static/chunks/137q_next_dist_0ewclpe._.js:776
[  572160ms] [LOG] [Fast Refresh] done in 11130ms @ http://localhost:3000/_next/static/chunks/137q_next_dist_0ewclpe._.js:776
[  572235ms] [LOG] [Fast Refresh] done in 11130ms @ http://localhost:3000/_next/static/chunks/137q_next_dist_0ewclpe._.js:776
[  572235ms] [LOG] [Fast Refresh] done in 11130ms @ http://localhost:3000/_next/static/chunks/137q_next_dist_0ewclpe._.js:776
[  572290ms] [LOG] [Fast Refresh] done in 11130ms @ http://localhost:3000/_next/static/chunks/137q_next_dist_0ewclpe._.js:776
[  572356ms] [LOG] [Fast Refresh] done in 11130ms @ http://localhost:3000/_next/static/chunks/137q_next_dist_0ewclpe._.js:776
[  572421ms] [LOG] [Fast Refresh] done in 11130ms @ http://localhost:3000/_next/static/chunks/137q_next_dist_0ewclpe._.js:776
[  572480ms] [LOG] [Fast Refresh] done in 11130ms @ http://localhost:3000/_next/static/chunks/137q_next_dist_0ewclpe._.js:776
[  572558ms] [LOG] [Fast Refresh] done in 11130ms @ http://localhost:3000/_next/static/chunks/137q_next_dist_0ewclpe._.js:776
[  572608ms] [LOG] [Fast Refresh] done in 11130ms @ http://localhost:3000/_next/static/chunks/137q_next_dist_0ewclpe._.js:776
[  572664ms] [LOG] [Fast Refresh] done in 11130ms @ http://localhost:3000/_next/static/chunks/137q_next_dist_0ewclpe._.js:776
[  572733ms] [LOG] [Fast Refresh] done in 11130ms @ http://localhost:3000/_next/static/chunks/137q_next_dist_0ewclpe._.js:776
[  572793ms] [LOG] [Fast Refresh] done in 11130ms @ http://localhost:3000/_next/static/chunks/137q_next_dist_0ewclpe._.js:776
[  572868ms] [LOG] [Fast Refresh] done in 11130ms @ http://localhost:3000/_next/static/chunks/137q_next_dist_0ewclpe._.js:776
[  572931ms] [LOG] [Fast Refresh] done in 11130ms @ http://localhost:3000/_next/static/chunks/137q_next_dist_0ewclpe._.js:776
[  573001ms] [LOG] [Fast Refresh] done in 11130ms @ http://localhost:3000/_next/static/chunks/137q_next_dist_0ewclpe._.js:776
[  573073ms] [LOG] [Fast Refresh] done in 11130ms @ http://localhost:3000/_next/static/chunks/137q_next_dist_0ewclpe._.js:776
[  573134ms] [LOG] [Fast Refresh] done in 11130ms @ http://localhost:3000/_next/static/chunks/137q_next_dist_0ewclpe._.js:776
[  573196ms] [LOG] [Fast Refresh] done in 11130ms @ http://localhost:3000/_next/static/chunks/137q_next_dist_0ewclpe._.js:776
[  573258ms] [LOG] [Fast Refresh] done in 11130ms @ http://localhost:3000/_next/static/chunks/137q_next_dist_0ewclpe._.js:776
[  573325ms] [LOG] [Fast Refresh] done in 11130ms @ http://localhost:3000/_next/static/chunks/137q_next_dist_0ewclpe._.js:776
[  573369ms] [LOG] [Fast Refresh] done in 11130ms @ http://localhost:3000/_next/static/chunks/137q_next_dist_0ewclpe._.js:776
[  573431ms] [LOG] [Fast Refresh] done in 11130ms @ http://localhost:3000/_next/static/chunks/137q_next_dist_0ewclpe._.js:776
[  573493ms] [LOG] [Fast Refresh] done in 11130ms @ http://localhost:3000/_next/static/chunks/137q_next_dist_0ewclpe._.js:776
[  573556ms] [LOG] [Fast Refresh] done in 11130ms @ http://localhost:3000/_next/static/chunks/137q_next_dist_0ewclpe._.js:776
[  573620ms] [LOG] [Fast Refresh] done in 11130ms @ http://localhost:3000/_next/static/chunks/137q_next_dist_0ewclpe._.js:776
[  573669ms] [LOG] [Fast Refresh] done in 11130ms @ http://localhost:3000/_next/static/chunks/137q_next_dist_0ewclpe._.js:776
[  573740ms] [LOG] [Fast Refresh] done in 11130ms @ http://localhost:3000/_next/static/chunks/137q_next_dist_0ewclpe._.js:776
[  573815ms] [LOG] [Fast Refresh] done in 11130ms @ http://localhost:3000/_next/static/chunks/137q_next_dist_0ewclpe._.js:776
[  573874ms] [LOG] [Fast Refresh] done in 11130ms @ http://localhost:3000/_next/static/chunks/137q_next_dist_0ewclpe._.js:776
[  573943ms] [LOG] [Fast Refresh] done in 11130ms @ http://localhost:3000/_next/static/chunks/137q_next_dist_0ewclpe._.js:776
[  574000ms] [LOG] [Fast Refresh] done in 11130ms @ http://localhost:3000/_next/static/chunks/137q_next_dist_0ewclpe._.js:776
[  574085ms] [LOG] [Fast Refresh] done in 11130ms @ http://localhost:3000/_next/static/chunks/137q_next_dist_0ewclpe._.js:776
[  574156ms] [LOG] [Fast Refresh] done in 11130ms @ http://localhost:3000/_next/static/chunks/137q_next_dist_0ewclpe._.js:776
[  574219ms] [LOG] [Fast Refresh] done in 11130ms @ http://localhost:3000/_next/static/chunks/137q_next_dist_0ewclpe._.js:776
[  574282ms] [LOG] [Fast Refresh] done in 11130ms @ http://localhost:3000/_next/static/chunks/137q_next_dist_0ewclpe._.js:776
[  574345ms] [LOG] [Fast Refresh] done in 11130ms @ http://localhost:3000/_next/static/chunks/137q_next_dist_0ewclpe._.js:776
[  574409ms] [LOG] [Fast Refresh] done in 11130ms @ http://localhost:3000/_next/static/chunks/137q_next_dist_0ewclpe._.js:776
[  574487ms] [LOG] [Fast Refresh] done in 11130ms @ http://localhost:3000/_next/static/chunks/137q_next_dist_0ewclpe._.js:776
[  574549ms] [LOG] [Fast Refresh] done in 11130ms @ http://localhost:3000/_next/static/chunks/137q_next_dist_0ewclpe._.js:776
[  574613ms] [LOG] [Fast Refresh] done in 11130ms @ http://localhost:3000/_next/static/chunks/137q_next_dist_0ewclpe._.js:776
[  574675ms] [LOG] [Fast Refresh] done in 11130ms @ http://localhost:3000/_next/static/chunks/137q_next_dist_0ewclpe._.js:776
[  574739ms] [LOG] [Fast Refresh] done in 11130ms @ http://localhost:3000/_next/static/chunks/137q_next_dist_0ewclpe._.js:776
[  574811ms] [LOG] [Fast Refresh] done in 11130ms @ http://localhost:3000/_next/static/chunks/137q_next_dist_0ewclpe._.js:776
[  574882ms] [LOG] [Fast Refresh] done in 11130ms @ http://localhost:3000/_next/static/chunks/137q_next_dist_0ewclpe._.js:776
[  574944ms] [LOG] [Fast Refresh] done in 11130ms @ http://localhost:3000/_next/static/chunks/137q_next_dist_0ewclpe._.js:776
[  575017ms] [LOG] [Fast Refresh] done in 11130ms @ http://localhost:3000/_next/static/chunks/137q_next_dist_0ewclpe._.js:776
[  575080ms] [LOG] [Fast Refresh] done in 11130ms @ http://localhost:3000/_next/static/chunks/137q_next_dist_0ewclpe._.js:776
[  575151ms] [LOG] [Fast Refresh] done in 11130ms @ http://localhost:3000/_next/static/chunks/137q_next_dist_0ewclpe._.js:776
[  575213ms] [LOG] [Fast Refresh] done in 11130ms @ http://localhost:3000/_next/static/chunks/137q_next_dist_0ewclpe._.js:776
[  575275ms] [LOG] [Fast Refresh] done in 11130ms @ http://localhost:3000/_next/static/chunks/137q_next_dist_0ewclpe._.js:776
[  575334ms] [LOG] [Fast Refresh] done in 11130ms @ http://localhost:3000/_next/static/chunks/137q_next_dist_0ewclpe._.js:776
[  575396ms] [LOG] [Fast Refresh] done in 11130ms @ http://localhost:3000/_next/static/chunks/137q_next_dist_0ewclpe._.js:776
[  575464ms] [LOG] [Fast Refresh] done in 11130ms @ http://localhost:3000/_next/static/chunks/137q_next_dist_0ewclpe._.js:776
[  575502ms] [LOG] [Fast Refresh] done in 11130ms @ http://localhost:3000/_next/static/chunks/137q_next_dist_0ewclpe._.js:776
[  575560ms] [LOG] [Fast Refresh] done in 11130ms @ http://localhost:3000/_next/static/chunks/137q_next_dist_0ewclpe._.js:776
[  575622ms] [LOG] [Fast Refresh] done in 11130ms @ http://localhost:3000/_next/static/chunks/137q_next_dist_0ewclpe._.js:776
[  582883ms] [LOG] [Fast Refresh] rebuilding @ http://localhost:3000/_next/static/chunks/137q_next_dist_0ewclpe._.js:776
[  583139ms] [LOG] [Fast Refresh] done in 260ms @ http://localhost:3000/_next/static/chunks/137q_next_dist_0ewclpe._.js:776
[  583271ms] [LOG] [Fast Refresh] done in 260ms @ http://localhost:3000/_next/static/chunks/137q_next_dist_0ewclpe._.js:776
[  583363ms] [LOG] [Fast Refresh] done in 260ms @ http://localhost:3000/_next/static/chunks/137q_next_dist_0ewclpe._.js:776
[  583371ms] [LOG] [Fast Refresh] done in 260ms @ http://localhost:3000/_next/static/chunks/137q_next_dist_0ewclpe._.js:776
[  583443ms] [LOG] [Fast Refresh] done in 260ms @ http://localhost:3000/_next/static/chunks/137q_next_dist_0ewclpe._.js:776
[  583521ms] [LOG] [Fast Refresh] done in 260ms @ http://localhost:3000/_next/static/chunks/137q_next_dist_0ewclpe._.js:776
[  583571ms] [LOG] [Fast Refresh] done in 260ms @ http://localhost:3000/_next/static/chunks/137q_next_dist_0ewclpe._.js:776
[  583626ms] [LOG] [Fast Refresh] done in 260ms @ http://localhost:3000/_next/static/chunks/137q_next_dist_0ewclpe._.js:776
[  583692ms] [LOG] [Fast Refresh] done in 260ms @ http://localhost:3000/_next/static/chunks/137q_next_dist_0ewclpe._.js:776
[  583757ms] [LOG] [Fast Refresh] done in 260ms @ http://localhost:3000/_next/static/chunks/137q_next_dist_0ewclpe._.js:776
[  583824ms] [LOG] [Fast Refresh] done in 260ms @ http://localhost:3000/_next/static/chunks/137q_next_dist_0ewclpe._.js:776
[  583895ms] [LOG] [Fast Refresh] done in 260ms @ http://localhost:3000/_next/static/chunks/137q_next_dist_0ewclpe._.js:776
[  583986ms] [LOG] [Fast Refresh] done in 260ms @ http://localhost:3000/_next/static/chunks/137q_next_dist_0ewclpe._.js:776
[  584048ms] [LOG] [Fast Refresh] done in 260ms @ http://localhost:3000/_next/static/chunks/137q_next_dist_0ewclpe._.js:776
[  584129ms] [LOG] [Fast Refresh] done in 260ms @ http://localhost:3000/_next/static/chunks/137q_next_dist_0ewclpe._.js:776
[  584188ms] [LOG] [Fast Refresh] done in 260ms @ http://localhost:3000/_next/static/chunks/137q_next_dist_0ewclpe._.js:776
[  584269ms] [LOG] [Fast Refresh] done in 260ms @ http://localhost:3000/_next/static/chunks/137q_next_dist_0ewclpe._.js:776
[  584335ms] [LOG] [Fast Refresh] done in 260ms @ http://localhost:3000/_next/static/chunks/137q_next_dist_0ewclpe._.js:776
[  584411ms] [LOG] [Fast Refresh] done in 260ms @ http://localhost:3000/_next/static/chunks/137q_next_dist_0ewclpe._.js:776
[  584487ms] [LOG] [Fast Refresh] done in 260ms @ http://localhost:3000/_next/static/chunks/137q_next_dist_0ewclpe._.js:776
[  584566ms] [LOG] [Fast Refresh] done in 260ms @ http://localhost:3000/_next/static/chunks/137q_next_dist_0ewclpe._.js:776
[  584630ms] [LOG] [Fast Refresh] done in 260ms @ http://localhost:3000/_next/static/chunks/137q_next_dist_0ewclpe._.js:776
[  584692ms] [LOG] [Fast Refresh] done in 260ms @ http://localhost:3000/_next/static/chunks/137q_next_dist_0ewclpe._.js:776
[  584766ms] [LOG] [Fast Refresh] done in 260ms @ http://localhost:3000/_next/static/chunks/137q_next_dist_0ewclpe._.js:776
[  584850ms] [LOG] [Fast Refresh] done in 260ms @ http://localhost:3000/_next/static/chunks/137q_next_dist_0ewclpe._.js:776
[  584908ms] [LOG] [Fast Refresh] done in 260ms @ http://localhost:3000/_next/static/chunks/137q_next_dist_0ewclpe._.js:776
[  584993ms] [LOG] [Fast Refresh] done in 260ms @ http://localhost:3000/_next/static/chunks/137q_next_dist_0ewclpe._.js:776
[  585095ms] [LOG] [Fast Refresh] done in 260ms @ http://localhost:3000/_next/static/chunks/137q_next_dist_0ewclpe._.js:776
[  585166ms] [LOG] [Fast Refresh] done in 260ms @ http://localhost:3000/_next/static/chunks/137q_next_dist_0ewclpe._.js:776
[  585266ms] [LOG] [Fast Refresh] done in 260ms @ http://localhost:3000/_next/static/chunks/137q_next_dist_0ewclpe._.js:776
[  585324ms] [LOG] [Fast Refresh] done in 260ms @ http://localhost:3000/_next/static/chunks/137q_next_dist_0ewclpe._.js:776
[  658873ms] [LOG] [Fast Refresh] rebuilding @ http://localhost:3000/_next/static/chunks/137q_next_dist_0ewclpe._.js:776
[  658973ms] [LOG] [Fast Refresh] done in 37ms @ http://localhost:3000/_next/static/chunks/137q_next_dist_0ewclpe._.js:776
[  659035ms] [LOG] [Fast Refresh] done in 37ms @ http://localhost:3000/_next/static/chunks/137q_next_dist_0ewclpe._.js:776
[  659078ms] [LOG] [Fast Refresh] done in 37ms @ http://localhost:3000/_next/static/chunks/137q_next_dist_0ewclpe._.js:776
[  659138ms] [LOG] [Fast Refresh] done in 37ms @ http://localhost:3000/_next/static/chunks/137q_next_dist_0ewclpe._.js:776
[  659201ms] [LOG] [Fast Refresh] done in 37ms @ http://localhost:3000/_next/static/chunks/137q_next_dist_0ewclpe._.js:776
[  659263ms] [LOG] [Fast Refresh] done in 37ms @ http://localhost:3000/_next/static/chunks/137q_next_dist_0ewclpe._.js:776
[  659325ms] [LOG] [Fast Refresh] done in 37ms @ http://localhost:3000/_next/static/chunks/137q_next_dist_0ewclpe._.js:776
[  659392ms] [LOG] [Fast Refresh] done in 37ms @ http://localhost:3000/_next/static/chunks/137q_next_dist_0ewclpe._.js:776
[  659447ms] [LOG] [Fast Refresh] done in 37ms @ http://localhost:3000/_next/static/chunks/137q_next_dist_0ewclpe._.js:776
[  659510ms] [LOG] [Fast Refresh] done in 37ms @ http://localhost:3000/_next/static/chunks/137q_next_dist_0ewclpe._.js:776
[  659574ms] [LOG] [Fast Refresh] done in 37ms @ http://localhost:3000/_next/static/chunks/137q_next_dist_0ewclpe._.js:776
[  659636ms] [LOG] [Fast Refresh] done in 37ms @ http://localhost:3000/_next/static/chunks/137q_next_dist_0ewclpe._.js:776
[  659700ms] [LOG] [Fast Refresh] done in 37ms @ http://localhost:3000/_next/static/chunks/137q_next_dist_0ewclpe._.js:776
[  659762ms] [LOG] [Fast Refresh] done in 37ms @ http://localhost:3000/_next/static/chunks/137q_next_dist_0ewclpe._.js:776
[  659825ms] [LOG] [Fast Refresh] done in 37ms @ http://localhost:3000/_next/static/chunks/137q_next_dist_0ewclpe._.js:776
[  659887ms] [LOG] [Fast Refresh] done in 37ms @ http://localhost:3000/_next/static/chunks/137q_next_dist_0ewclpe._.js:776
[  659949ms] [LOG] [Fast Refresh] done in 37ms @ http://localhost:3000/_next/static/chunks/137q_next_dist_0ewclpe._.js:776
[  660010ms] [LOG] [Fast Refresh] done in 37ms @ http://localhost:3000/_next/static/chunks/137q_next_dist_0ewclpe._.js:776
[  660072ms] [LOG] [Fast Refresh] done in 37ms @ http://localhost:3000/_next/static/chunks/137q_next_dist_0ewclpe._.js:776
[  660135ms] [LOG] [Fast Refresh] done in 37ms @ http://localhost:3000/_next/static/chunks/137q_next_dist_0ewclpe._.js:776
[  660198ms] [LOG] [Fast Refresh] done in 37ms @ http://localhost:3000/_next/static/chunks/137q_next_dist_0ewclpe._.js:776
[  660259ms] [LOG] [Fast Refresh] done in 37ms @ http://localhost:3000/_next/static/chunks/137q_next_dist_0ewclpe._.js:776
[  660322ms] [LOG] [Fast Refresh] done in 37ms @ http://localhost:3000/_next/static/chunks/137q_next_dist_0ewclpe._.js:776
[  660385ms] [LOG] [Fast Refresh] done in 37ms @ http://localhost:3000/_next/static/chunks/137q_next_dist_0ewclpe._.js:776
[  660448ms] [LOG] [Fast Refresh] done in 37ms @ http://localhost:3000/_next/static/chunks/137q_next_dist_0ewclpe._.js:776
[  660511ms] [LOG] [Fast Refresh] done in 37ms @ http://localhost:3000/_next/static/chunks/137q_next_dist_0ewclpe._.js:776
[  660574ms] [LOG] [Fast Refresh] done in 37ms @ http://localhost:3000/_next/static/chunks/137q_next_dist_0ewclpe._.js:776
[  660638ms] [LOG] [Fast Refresh] done in 37ms @ http://localhost:3000/_next/static/chunks/137q_next_dist_0ewclpe._.js:776
[  660700ms] [LOG] [Fast Refresh] done in 37ms @ http://localhost:3000/_next/static/chunks/137q_next_dist_0ewclpe._.js:776
[  660762ms] [LOG] [Fast Refresh] done in 37ms @ http://localhost:3000/_next/static/chunks/137q_next_dist_0ewclpe._.js:776
[  660825ms] [LOG] [Fast Refresh] done in 37ms @ http://localhost:3000/_next/static/chunks/137q_next_dist_0ewclpe._.js:776
[  660887ms] [LOG] [Fast Refresh] done in 37ms @ http://localhost:3000/_next/static/chunks/137q_next_dist_0ewclpe._.js:776
[  660949ms] [LOG] [Fast Refresh] done in 37ms @ http://localhost:3000/_next/static/chunks/137q_next_dist_0ewclpe._.js:776
[  661010ms] [LOG] [Fast Refresh] done in 37ms @ http://localhost:3000/_next/static/chunks/137q_next_dist_0ewclpe._.js:776
[  661057ms] [LOG] [Fast Refresh] done in 37ms @ http://localhost:3000/_next/static/chunks/137q_next_dist_0ewclpe._.js:776
[  661118ms] [LOG] [Fast Refresh] done in 37ms @ http://localhost:3000/_next/static/chunks/137q_next_dist_0ewclpe._.js:776
[  661180ms] [LOG] [Fast Refresh] done in 37ms @ http://localhost:3000/_next/static/chunks/137q_next_dist_0ewclpe._.js:776
[  661243ms] [LOG] [Fast Refresh] done in 37ms @ http://localhost:3000/_next/static/chunks/137q_next_dist_0ewclpe._.js:776
[  661290ms] [LOG] [Fast Refresh] done in 37ms @ http://localhost:3000/_next/static/chunks/137q_next_dist_0ewclpe._.js:776
[  661352ms] [LOG] [Fast Refresh] done in 37ms @ http://localhost:3000/_next/static/chunks/137q_next_dist_0ewclpe._.js:776
[  661414ms] [LOG] [Fast Refresh] done in 37ms @ http://localhost:3000/_next/static/chunks/137q_next_dist_0ewclpe._.js:776
[  661476ms] [LOG] [Fast Refresh] done in 37ms @ http://localhost:3000/_next/static/chunks/137q_next_dist_0ewclpe._.js:776
[  661539ms] [LOG] [Fast Refresh] done in 37ms @ http://localhost:3000/_next/static/chunks/137q_next_dist_0ewclpe._.js:776
[  661602ms] [LOG] [Fast Refresh] done in 37ms @ http://localhost:3000/_next/static/chunks/137q_next_dist_0ewclpe._.js:776
[  661665ms] [LOG] [Fast Refresh] done in 37ms @ http://localhost:3000/_next/static/chunks/137q_next_dist_0ewclpe._.js:776
[  661726ms] [LOG] [Fast Refresh] done in 37ms @ http://localhost:3000/_next/static/chunks/137q_next_dist_0ewclpe._.js:776
[  661790ms] [LOG] [Fast Refresh] done in 37ms @ http://localhost:3000/_next/static/chunks/137q_next_dist_0ewclpe._.js:776
[  661853ms] [LOG] [Fast Refresh] done in 37ms @ http://localhost:3000/_next/static/chunks/137q_next_dist_0ewclpe._.js:776
[  661900ms] [LOG] [Fast Refresh] done in 37ms @ http://localhost:3000/_next/static/chunks/137q_next_dist_0ewclpe._.js:776
[  661962ms] [LOG] [Fast Refresh] done in 37ms @ http://localhost:3000/_next/static/chunks/137q_next_dist_0ewclpe._.js:776
[  662025ms] [LOG] [Fast Refresh] done in 37ms @ http://localhost:3000/_next/static/chunks/137q_next_dist_0ewclpe._.js:776
[  662087ms] [LOG] [Fast Refresh] done in 37ms @ http://localhost:3000/_next/static/chunks/137q_next_dist_0ewclpe._.js:776
[  662150ms] [LOG] [Fast Refresh] done in 37ms @ http://localhost:3000/_next/static/chunks/137q_next_dist_0ewclpe._.js:776
[  662212ms] [LOG] [Fast Refresh] done in 37ms @ http://localhost:3000/_next/static/chunks/137q_next_dist_0ewclpe._.js:776
[  662275ms] [LOG] [Fast Refresh] done in 37ms @ http://localhost:3000/_next/static/chunks/137q_next_dist_0ewclpe._.js:776
[  662337ms] [LOG] [Fast Refresh] done in 37ms @ http://localhost:3000/_next/static/chunks/137q_next_dist_0ewclpe._.js:776
[  662400ms] [LOG] [Fast Refresh] done in 37ms @ http://localhost:3000/_next/static/chunks/137q_next_dist_0ewclpe._.js:776
[  662464ms] [LOG] [Fast Refresh] done in 37ms @ http://localhost:3000/_next/static/chunks/137q_next_dist_0ewclpe._.js:776
[  662512ms] [LOG] [Fast Refresh] done in 37ms @ http://localhost:3000/_next/static/chunks/137q_next_dist_0ewclpe._.js:776
[  662575ms] [LOG] [Fast Refresh] done in 37ms @ http://localhost:3000/_next/static/chunks/137q_next_dist_0ewclpe._.js:776
[  662639ms] [LOG] [Fast Refresh] done in 37ms @ http://localhost:3000/_next/static/chunks/137q_next_dist_0ewclpe._.js:776
[  662702ms] [LOG] [Fast Refresh] done in 37ms @ http://localhost:3000/_next/static/chunks/137q_next_dist_0ewclpe._.js:776
[  662750ms] [LOG] [Fast Refresh] done in 37ms @ http://localhost:3000/_next/static/chunks/137q_next_dist_0ewclpe._.js:776
[  662797ms] [LOG] [Fast Refresh] done in 37ms @ http://localhost:3000/_next/static/chunks/137q_next_dist_0ewclpe._.js:776
[  662859ms] [LOG] [Fast Refresh] done in 37ms @ http://localhost:3000/_next/static/chunks/137q_next_dist_0ewclpe._.js:776
[  662923ms] [LOG] [Fast Refresh] done in 37ms @ http://localhost:3000/_next/static/chunks/137q_next_dist_0ewclpe._.js:776
[  662987ms] [LOG] [Fast Refresh] done in 37ms @ http://localhost:3000/_next/static/chunks/137q_next_dist_0ewclpe._.js:776
[  663050ms] [LOG] [Fast Refresh] done in 37ms @ http://localhost:3000/_next/static/chunks/137q_next_dist_0ewclpe._.js:776
[  663112ms] [LOG] [Fast Refresh] done in 37ms @ http://localhost:3000/_next/static/chunks/137q_next_dist_0ewclpe._.js:776
[  663174ms] [LOG] [Fast Refresh] done in 37ms @ http://localhost:3000/_next/static/chunks/137q_next_dist_0ewclpe._.js:776
[  663221ms] [LOG] [Fast Refresh] done in 37ms @ http://localhost:3000/_next/static/chunks/137q_next_dist_0ewclpe._.js:776
[  663283ms] [LOG] [Fast Refresh] done in 37ms @ http://localhost:3000/_next/static/chunks/137q_next_dist_0ewclpe._.js:776
[  663345ms] [LOG] [Fast Refresh] done in 37ms @ http://localhost:3000/_next/static/chunks/137q_next_dist_0ewclpe._.js:776
[  663409ms] [LOG] [Fast Refresh] done in 37ms @ http://localhost:3000/_next/static/chunks/137q_next_dist_0ewclpe._.js:776
[  663472ms] [LOG] [Fast Refresh] done in 37ms @ http://localhost:3000/_next/static/chunks/137q_next_dist_0ewclpe._.js:776
[  663535ms] [LOG] [Fast Refresh] done in 37ms @ http://localhost:3000/_next/static/chunks/137q_next_dist_0ewclpe._.js:776
[  663596ms] [LOG] [Fast Refresh] done in 37ms @ http://localhost:3000/_next/static/chunks/137q_next_dist_0ewclpe._.js:776
[  663659ms] [LOG] [Fast Refresh] done in 37ms @ http://localhost:3000/_next/static/chunks/137q_next_dist_0ewclpe._.js:776
[  663720ms] [LOG] [Fast Refresh] done in 37ms @ http://localhost:3000/_next/static/chunks/137q_next_dist_0ewclpe._.js:776
[  663783ms] [LOG] [Fast Refresh] done in 37ms @ http://localhost:3000/_next/static/chunks/137q_next_dist_0ewclpe._.js:776
[  663844ms] [LOG] [Fast Refresh] done in 37ms @ http://localhost:3000/_next/static/chunks/137q_next_dist_0ewclpe._.js:776
[  663907ms] [LOG] [Fast Refresh] done in 37ms @ http://localhost:3000/_next/static/chunks/137q_next_dist_0ewclpe._.js:776
[  663970ms] [LOG] [Fast Refresh] done in 37ms @ http://localhost:3000/_next/static/chunks/137q_next_dist_0ewclpe._.js:776
[  664031ms] [LOG] [Fast Refresh] done in 37ms @ http://localhost:3000/_next/static/chunks/137q_next_dist_0ewclpe._.js:776
[  664081ms] [LOG] [Fast Refresh] done in 37ms @ http://localhost:3000/_next/static/chunks/137q_next_dist_0ewclpe._.js:776
[  664144ms] [LOG] [Fast Refresh] done in 37ms @ http://localhost:3000/_next/static/chunks/137q_next_dist_0ewclpe._.js:776
[  664206ms] [LOG] [Fast Refresh] done in 37ms @ http://localhost:3000/_next/static/chunks/137q_next_dist_0ewclpe._.js:776
[  664267ms] [LOG] [Fast Refresh] done in 37ms @ http://localhost:3000/_next/static/chunks/137q_next_dist_0ewclpe._.js:776
[  664330ms] [LOG] [Fast Refresh] done in 37ms @ http://localhost:3000/_next/static/chunks/137q_next_dist_0ewclpe._.js:776
[  664394ms] [LOG] [Fast Refresh] done in 37ms @ http://localhost:3000/_next/static/chunks/137q_next_dist_0ewclpe._.js:776
[  664456ms] [LOG] [Fast Refresh] done in 37ms @ http://localhost:3000/_next/static/chunks/137q_next_dist_0ewclpe._.js:776
[  664518ms] [LOG] [Fast Refresh] done in 37ms @ http://localhost:3000/_next/static/chunks/137q_next_dist_0ewclpe._.js:776
[  664579ms] [LOG] [Fast Refresh] done in 37ms @ http://localhost:3000/_next/static/chunks/137q_next_dist_0ewclpe._.js:776
[  664641ms] [LOG] [Fast Refresh] done in 37ms @ http://localhost:3000/_next/static/chunks/137q_next_dist_0ewclpe._.js:776
[  664689ms] [LOG] [Fast Refresh] done in 37ms @ http://localhost:3000/_next/static/chunks/137q_next_dist_0ewclpe._.js:776
[  664750ms] [LOG] [Fast Refresh] done in 37ms @ http://localhost:3000/_next/static/chunks/137q_next_dist_0ewclpe._.js:776
[  664812ms] [LOG] [Fast Refresh] done in 37ms @ http://localhost:3000/_next/static/chunks/137q_next_dist_0ewclpe._.js:776
[  664875ms] [LOG] [Fast Refresh] done in 37ms @ http://localhost:3000/_next/static/chunks/137q_next_dist_0ewclpe._.js:776
[  664938ms] [LOG] [Fast Refresh] done in 37ms @ http://localhost:3000/_next/static/chunks/137q_next_dist_0ewclpe._.js:776
[  665000ms] [LOG] [Fast Refresh] done in 37ms @ http://localhost:3000/_next/static/chunks/137q_next_dist_0ewclpe._.js:776
[  665064ms] [LOG] [Fast Refresh] done in 37ms @ http://localhost:3000/_next/static/chunks/137q_next_dist_0ewclpe._.js:776
[  665125ms] [LOG] [Fast Refresh] done in 37ms @ http://localhost:3000/_next/static/chunks/137q_next_dist_0ewclpe._.js:776
[  665173ms] [LOG] [Fast Refresh] done in 37ms @ http://localhost:3000/_next/static/chunks/137q_next_dist_0ewclpe._.js:776
[  665235ms] [LOG] [Fast Refresh] done in 37ms @ http://localhost:3000/_next/static/chunks/137q_next_dist_0ewclpe._.js:776
[  665283ms] [LOG] [Fast Refresh] done in 37ms @ http://localhost:3000/_next/static/chunks/137q_next_dist_0ewclpe._.js:776
[  665345ms] [LOG] [Fast Refresh] done in 37ms @ http://localhost:3000/_next/static/chunks/137q_next_dist_0ewclpe._.js:776
[  665406ms] [LOG] [Fast Refresh] done in 37ms @ http://localhost:3000/_next/static/chunks/137q_next_dist_0ewclpe._.js:776
[  665467ms] [LOG] [Fast Refresh] done in 37ms @ http://localhost:3000/_next/static/chunks/137q_next_dist_0ewclpe._.js:776
[  665532ms] [LOG] [Fast Refresh] done in 37ms @ http://localhost:3000/_next/static/chunks/137q_next_dist_0ewclpe._.js:776
[  665594ms] [LOG] [Fast Refresh] done in 37ms @ http://localhost:3000/_next/static/chunks/137q_next_dist_0ewclpe._.js:776
[  665657ms] [LOG] [Fast Refresh] done in 37ms @ http://localhost:3000/_next/static/chunks/137q_next_dist_0ewclpe._.js:776
[  665719ms] [LOG] [Fast Refresh] done in 37ms @ http://localhost:3000/_next/static/chunks/137q_next_dist_0ewclpe._.js:776
[  665781ms] [LOG] [Fast Refresh] done in 37ms @ http://localhost:3000/_next/static/chunks/137q_next_dist_0ewclpe._.js:776
[  665829ms] [LOG] [Fast Refresh] done in 37ms @ http://localhost:3000/_next/static/chunks/137q_next_dist_0ewclpe._.js:776
[  665893ms] [LOG] [Fast Refresh] done in 37ms @ http://localhost:3000/_next/static/chunks/137q_next_dist_0ewclpe._.js:776
[  665956ms] [LOG] [Fast Refresh] done in 37ms @ http://localhost:3000/_next/static/chunks/137q_next_dist_0ewclpe._.js:776
[  666018ms] [LOG] [Fast Refresh] done in 37ms @ http://localhost:3000/_next/static/chunks/137q_next_dist_0ewclpe._.js:776
[  666080ms] [LOG] [Fast Refresh] done in 37ms @ http://localhost:3000/_next/static/chunks/137q_next_dist_0ewclpe._.js:776
[  666143ms] [LOG] [Fast Refresh] done in 37ms @ http://localhost:3000/_next/static/chunks/137q_next_dist_0ewclpe._.js:776
[  666207ms] [LOG] [Fast Refresh] done in 37ms @ http://localhost:3000/_next/static/chunks/137q_next_dist_0ewclpe._.js:776
[  666271ms] [LOG] [Fast Refresh] done in 37ms @ http://localhost:3000/_next/static/chunks/137q_next_dist_0ewclpe._.js:776
[  666332ms] [LOG] [Fast Refresh] done in 37ms @ http://localhost:3000/_next/static/chunks/137q_next_dist_0ewclpe._.js:776
[  666380ms] [LOG] [Fast Refresh] done in 37ms @ http://localhost:3000/_next/static/chunks/137q_next_dist_0ewclpe._.js:776
[  666443ms] [LOG] [Fast Refresh] done in 37ms @ http://localhost:3000/_next/static/chunks/137q_next_dist_0ewclpe._.js:776
[  666505ms] [LOG] [Fast Refresh] done in 37ms @ http://localhost:3000/_next/static/chunks/137q_next_dist_0ewclpe._.js:776
[  666568ms] [LOG] [Fast Refresh] done in 37ms @ http://localhost:3000/_next/static/chunks/137q_next_dist_0ewclpe._.js:776
[  666629ms] [LOG] [Fast Refresh] done in 37ms @ http://localhost:3000/_next/static/chunks/137q_next_dist_0ewclpe._.js:776
[  666691ms] [LOG] [Fast Refresh] done in 37ms @ http://localhost:3000/_next/static/chunks/137q_next_dist_0ewclpe._.js:776
[  666754ms] [LOG] [Fast Refresh] done in 37ms @ http://localhost:3000/_next/static/chunks/137q_next_dist_0ewclpe._.js:776
[  666816ms] [LOG] [Fast Refresh] done in 37ms @ http://localhost:3000/_next/static/chunks/137q_next_dist_0ewclpe._.js:776
[  666878ms] [LOG] [Fast Refresh] done in 37ms @ http://localhost:3000/_next/static/chunks/137q_next_dist_0ewclpe._.js:776
[  666940ms] [LOG] [Fast Refresh] done in 37ms @ http://localhost:3000/_next/static/chunks/137q_next_dist_0ewclpe._.js:776
[  667003ms] [LOG] [Fast Refresh] done in 37ms @ http://localhost:3000/_next/static/chunks/137q_next_dist_0ewclpe._.js:776
[  667050ms] [LOG] [Fast Refresh] done in 37ms @ http://localhost:3000/_next/static/chunks/137q_next_dist_0ewclpe._.js:776
[  667113ms] [LOG] [Fast Refresh] done in 37ms @ http://localhost:3000/_next/static/chunks/137q_next_dist_0ewclpe._.js:776
[  667176ms] [LOG] [Fast Refresh] done in 37ms @ http://localhost:3000/_next/static/chunks/137q_next_dist_0ewclpe._.js:776
[  667238ms] [LOG] [Fast Refresh] done in 37ms @ http://localhost:3000/_next/static/chunks/137q_next_dist_0ewclpe._.js:776
[  667301ms] [LOG] [Fast Refresh] done in 37ms @ http://localhost:3000/_next/static/chunks/137q_next_dist_0ewclpe._.js:776
[  667362ms] [LOG] [Fast Refresh] done in 37ms @ http://localhost:3000/_next/static/chunks/137q_next_dist_0ewclpe._.js:776
[  667425ms] [LOG] [Fast Refresh] done in 37ms @ http://localhost:3000/_next/static/chunks/137q_next_dist_0ewclpe._.js:776
[  667487ms] [LOG] [Fast Refresh] done in 37ms @ http://localhost:3000/_next/static/chunks/137q_next_dist_0ewclpe._.js:776
[  667549ms] [LOG] [Fast Refresh] done in 37ms @ http://localhost:3000/_next/static/chunks/137q_next_dist_0ewclpe._.js:776
[  667611ms] [LOG] [Fast Refresh] done in 37ms @ http://localhost:3000/_next/static/chunks/137q_next_dist_0ewclpe._.js:776
[  667673ms] [LOG] [Fast Refresh] done in 37ms @ http://localhost:3000/_next/static/chunks/137q_next_dist_0ewclpe._.js:776
[  667762ms] [LOG] [Fast Refresh] done in 37ms @ http://localhost:3000/_next/static/chunks/137q_next_dist_0ewclpe._.js:776
[  667815ms] [LOG] [Fast Refresh] done in 37ms @ http://localhost:3000/_next/static/chunks/137q_next_dist_0ewclpe._.js:776
[  667878ms] [LOG] [Fast Refresh] done in 37ms @ http://localhost:3000/_next/static/chunks/137q_next_dist_0ewclpe._.js:776
[  667941ms] [LOG] [Fast Refresh] done in 37ms @ http://localhost:3000/_next/static/chunks/137q_next_dist_0ewclpe._.js:776
[  668003ms] [LOG] [Fast Refresh] done in 37ms @ http://localhost:3000/_next/static/chunks/137q_next_dist_0ewclpe._.js:776
[  668067ms] [LOG] [Fast Refresh] done in 37ms @ http://localhost:3000/_next/static/chunks/137q_next_dist_0ewclpe._.js:776
[  668128ms] [LOG] [Fast Refresh] done in 37ms @ http://localhost:3000/_next/static/chunks/137q_next_dist_0ewclpe._.js:776
[  668190ms] [LOG] [Fast Refresh] done in 37ms @ http://localhost:3000/_next/static/chunks/137q_next_dist_0ewclpe._.js:776
[  668252ms] [LOG] [Fast Refresh] done in 37ms @ http://localhost:3000/_next/static/chunks/137q_next_dist_0ewclpe._.js:776
[  668315ms] [LOG] [Fast Refresh] done in 37ms @ http://localhost:3000/_next/static/chunks/137q_next_dist_0ewclpe._.js:776
[  668373ms] [LOG] [Fast Refresh] done in 37ms @ http://localhost:3000/_next/static/chunks/137q_next_dist_0ewclpe._.js:776
[  668425ms] [LOG] [Fast Refresh] done in 37ms @ http://localhost:3000/_next/static/chunks/137q_next_dist_0ewclpe._.js:776
[  668486ms] [LOG] [Fast Refresh] done in 37ms @ http://localhost:3000/_next/static/chunks/137q_next_dist_0ewclpe._.js:776
[  668547ms] [LOG] [Fast Refresh] done in 37ms @ http://localhost:3000/_next/static/chunks/137q_next_dist_0ewclpe._.js:776
[  668611ms] [LOG] [Fast Refresh] done in 37ms @ http://localhost:3000/_next/static/chunks/137q_next_dist_0ewclpe._.js:776
[  668673ms] [LOG] [Fast Refresh] done in 37ms @ http://localhost:3000/_next/static/chunks/137q_next_dist_0ewclpe._.js:776
[  668735ms] [LOG] [Fast Refresh] done in 37ms @ http://localhost:3000/_next/static/chunks/137q_next_dist_0ewclpe._.js:776
[  668797ms] [LOG] [Fast Refresh] done in 37ms @ http://localhost:3000/_next/static/chunks/137q_next_dist_0ewclpe._.js:776
[  668860ms] [LOG] [Fast Refresh] done in 37ms @ http://localhost:3000/_next/static/chunks/137q_next_dist_0ewclpe._.js:776
[  668922ms] [LOG] [Fast Refresh] done in 37ms @ http://localhost:3000/_next/static/chunks/137q_next_dist_0ewclpe._.js:776
[  668985ms] [LOG] [Fast Refresh] done in 37ms @ http://localhost:3000/_next/static/chunks/137q_next_dist_0ewclpe._.js:776
[  669047ms] [LOG] [Fast Refresh] done in 37ms @ http://localhost:3000/_next/static/chunks/137q_next_dist_0ewclpe._.js:776
[  669109ms] [LOG] [Fast Refresh] done in 37ms @ http://localhost:3000/_next/static/chunks/137q_next_dist_0ewclpe._.js:776
[  669171ms] [LOG] [Fast Refresh] done in 37ms @ http://localhost:3000/_next/static/chunks/137q_next_dist_0ewclpe._.js:776
[  669233ms] [LOG] [Fast Refresh] done in 37ms @ http://localhost:3000/_next/static/chunks/137q_next_dist_0ewclpe._.js:776
[  669294ms] [LOG] [Fast Refresh] done in 37ms @ http://localhost:3000/_next/static/chunks/137q_next_dist_0ewclpe._.js:776
[  669357ms] [LOG] [Fast Refresh] done in 37ms @ http://localhost:3000/_next/static/chunks/137q_next_dist_0ewclpe._.js:776
[  669419ms] [LOG] [Fast Refresh] done in 37ms @ http://localhost:3000/_next/static/chunks/137q_next_dist_0ewclpe._.js:776
[  669481ms] [LOG] [Fast Refresh] done in 37ms @ http://localhost:3000/_next/static/chunks/137q_next_dist_0ewclpe._.js:776
[  669545ms] [LOG] [Fast Refresh] done in 37ms @ http://localhost:3000/_next/static/chunks/137q_next_dist_0ewclpe._.js:776
[  669607ms] [LOG] [Fast Refresh] done in 37ms @ http://localhost:3000/_next/static/chunks/137q_next_dist_0ewclpe._.js:776
[  669656ms] [LOG] [Fast Refresh] done in 37ms @ http://localhost:3000/_next/static/chunks/137q_next_dist_0ewclpe._.js:776
[  669718ms] [LOG] [Fast Refresh] done in 37ms @ http://localhost:3000/_next/static/chunks/137q_next_dist_0ewclpe._.js:776
[  669829ms] [LOG] [Fast Refresh] done in 37ms @ http://localhost:3000/_next/static/chunks/137q_next_dist_0ewclpe._.js:776
[  669890ms] [LOG] [Fast Refresh] done in 37ms @ http://localhost:3000/_next/static/chunks/137q_next_dist_0ewclpe._.js:776
[  669952ms] [LOG] [Fast Refresh] done in 37ms @ http://localhost:3000/_next/static/chunks/137q_next_dist_0ewclpe._.js:776
[  670014ms] [LOG] [Fast Refresh] done in 37ms @ http://localhost:3000/_next/static/chunks/137q_next_dist_0ewclpe._.js:776
[  670079ms] [LOG] [Fast Refresh] done in 37ms @ http://localhost:3000/_next/static/chunks/137q_next_dist_0ewclpe._.js:776
[  670142ms] [LOG] [Fast Refresh] done in 37ms @ http://localhost:3000/_next/static/chunks/137q_next_dist_0ewclpe._.js:776
[  670202ms] [LOG] [Fast Refresh] done in 37ms @ http://localhost:3000/_next/static/chunks/137q_next_dist_0ewclpe._.js:776
[  670251ms] [LOG] [Fast Refresh] done in 37ms @ http://localhost:3000/_next/static/chunks/137q_next_dist_0ewclpe._.js:776
[  670313ms] [LOG] [Fast Refresh] done in 37ms @ http://localhost:3000/_next/static/chunks/137q_next_dist_0ewclpe._.js:776
[  670378ms] [LOG] [Fast Refresh] done in 37ms @ http://localhost:3000/_next/static/chunks/137q_next_dist_0ewclpe._.js:776
[  670441ms] [LOG] [Fast Refresh] done in 37ms @ http://localhost:3000/_next/static/chunks/137q_next_dist_0ewclpe._.js:776
[  670503ms] [LOG] [Fast Refresh] done in 37ms @ http://localhost:3000/_next/static/chunks/137q_next_dist_0ewclpe._.js:776
[  670565ms] [LOG] [Fast Refresh] done in 37ms @ http://localhost:3000/_next/static/chunks/137q_next_dist_0ewclpe._.js:776
[  670627ms] [LOG] [Fast Refresh] done in 37ms @ http://localhost:3000/_next/static/chunks/137q_next_dist_0ewclpe._.js:776
[  670688ms] [LOG] [Fast Refresh] done in 37ms @ http://localhost:3000/_next/static/chunks/137q_next_dist_0ewclpe._.js:776
[  670750ms] [LOG] [Fast Refresh] done in 37ms @ http://localhost:3000/_next/static/chunks/137q_next_dist_0ewclpe._.js:776
[  670811ms] [LOG] [Fast Refresh] done in 37ms @ http://localhost:3000/_next/static/chunks/137q_next_dist_0ewclpe._.js:776
[  670859ms] [LOG] [Fast Refresh] done in 37ms @ http://localhost:3000/_next/static/chunks/137q_next_dist_0ewclpe._.js:776
[  670923ms] [LOG] [Fast Refresh] done in 37ms @ http://localhost:3000/_next/static/chunks/137q_next_dist_0ewclpe._.js:776
[  670987ms] [LOG] [Fast Refresh] done in 37ms @ http://localhost:3000/_next/static/chunks/137q_next_dist_0ewclpe._.js:776
[  671050ms] [LOG] [Fast Refresh] done in 37ms @ http://localhost:3000/_next/static/chunks/137q_next_dist_0ewclpe._.js:776
[  671112ms] [LOG] [Fast Refresh] done in 37ms @ http://localhost:3000/_next/static/chunks/137q_next_dist_0ewclpe._.js:776
[  671175ms] [LOG] [Fast Refresh] done in 37ms @ http://localhost:3000/_next/static/chunks/137q_next_dist_0ewclpe._.js:776
[  671239ms] [LOG] [Fast Refresh] done in 37ms @ http://localhost:3000/_next/static/chunks/137q_next_dist_0ewclpe._.js:776
[  671301ms] [LOG] [Fast Refresh] done in 37ms @ http://localhost:3000/_next/static/chunks/137q_next_dist_0ewclpe._.js:776
[  671363ms] [LOG] [Fast Refresh] done in 37ms @ http://localhost:3000/_next/static/chunks/137q_next_dist_0ewclpe._.js:776
[  671427ms] [LOG] [Fast Refresh] done in 37ms @ http://localhost:3000/_next/static/chunks/137q_next_dist_0ewclpe._.js:776
[  671475ms] [LOG] [Fast Refresh] done in 37ms @ http://localhost:3000/_next/static/chunks/137q_next_dist_0ewclpe._.js:776
[  671538ms] [LOG] [Fast Refresh] done in 37ms @ http://localhost:3000/_next/static/chunks/137q_next_dist_0ewclpe._.js:776
[  671601ms] [LOG] [Fast Refresh] done in 37ms @ http://localhost:3000/_next/static/chunks/137q_next_dist_0ewclpe._.js:776
[  671664ms] [LOG] [Fast Refresh] done in 37ms @ http://localhost:3000/_next/static/chunks/137q_next_dist_0ewclpe._.js:776
[  671727ms] [LOG] [Fast Refresh] done in 37ms @ http://localhost:3000/_next/static/chunks/137q_next_dist_0ewclpe._.js:776
[  671789ms] [LOG] [Fast Refresh] done in 37ms @ http://localhost:3000/_next/static/chunks/137q_next_dist_0ewclpe._.js:776
[  671850ms] [LOG] [Fast Refresh] done in 37ms @ http://localhost:3000/_next/static/chunks/137q_next_dist_0ewclpe._.js:776
[  671898ms] [LOG] [Fast Refresh] done in 37ms @ http://localhost:3000/_next/static/chunks/137q_next_dist_0ewclpe._.js:776
[  671959ms] [LOG] [Fast Refresh] done in 37ms @ http://localhost:3000/_next/static/chunks/137q_next_dist_0ewclpe._.js:776
[  672006ms] [LOG] [Fast Refresh] done in 37ms @ http://localhost:3000/_next/static/chunks/137q_next_dist_0ewclpe._.js:776
[  672067ms] [LOG] [Fast Refresh] done in 37ms @ http://localhost:3000/_next/static/chunks/137q_next_dist_0ewclpe._.js:776
[  672129ms] [LOG] [Fast Refresh] done in 37ms @ http://localhost:3000/_next/static/chunks/137q_next_dist_0ewclpe._.js:776
[  672191ms] [LOG] [Fast Refresh] done in 37ms @ http://localhost:3000/_next/static/chunks/137q_next_dist_0ewclpe._.js:776
[  672252ms] [LOG] [Fast Refresh] done in 37ms @ http://localhost:3000/_next/static/chunks/137q_next_dist_0ewclpe._.js:776
[  672314ms] [LOG] [Fast Refresh] done in 37ms @ http://localhost:3000/_next/static/chunks/137q_next_dist_0ewclpe._.js:776
[  672375ms] [LOG] [Fast Refresh] done in 37ms @ http://localhost:3000/_next/static/chunks/137q_next_dist_0ewclpe._.js:776
[  672437ms] [LOG] [Fast Refresh] done in 37ms @ http://localhost:3000/_next/static/chunks/137q_next_dist_0ewclpe._.js:776
[  672498ms] [LOG] [Fast Refresh] done in 37ms @ http://localhost:3000/_next/static/chunks/137q_next_dist_0ewclpe._.js:776
[  672562ms] [LOG] [Fast Refresh] done in 37ms @ http://localhost:3000/_next/static/chunks/137q_next_dist_0ewclpe._.js:776
[  672625ms] [LOG] [Fast Refresh] done in 37ms @ http://localhost:3000/_next/static/chunks/137q_next_dist_0ewclpe._.js:776
[  672686ms] [LOG] [Fast Refresh] done in 37ms @ http://localhost:3000/_next/static/chunks/137q_next_dist_0ewclpe._.js:776
[  672749ms] [LOG] [Fast Refresh] done in 37ms @ http://localhost:3000/_next/static/chunks/137q_next_dist_0ewclpe._.js:776
[  672812ms] [LOG] [Fast Refresh] done in 37ms @ http://localhost:3000/_next/static/chunks/137q_next_dist_0ewclpe._.js:776
[  672875ms] [LOG] [Fast Refresh] done in 37ms @ http://localhost:3000/_next/static/chunks/137q_next_dist_0ewclpe._.js:776
[  672939ms] [LOG] [Fast Refresh] done in 37ms @ http://localhost:3000/_next/static/chunks/137q_next_dist_0ewclpe._.js:776
[  673001ms] [LOG] [Fast Refresh] done in 37ms @ http://localhost:3000/_next/static/chunks/137q_next_dist_0ewclpe._.js:776
[  673063ms] [LOG] [Fast Refresh] done in 37ms @ http://localhost:3000/_next/static/chunks/137q_next_dist_0ewclpe._.js:776
[  673126ms] [LOG] [Fast Refresh] done in 37ms @ http://localhost:3000/_next/static/chunks/137q_next_dist_0ewclpe._.js:776
[  673190ms] [LOG] [Fast Refresh] done in 37ms @ http://localhost:3000/_next/static/chunks/137q_next_dist_0ewclpe._.js:776
[  673252ms] [LOG] [Fast Refresh] done in 37ms @ http://localhost:3000/_next/static/chunks/137q_next_dist_0ewclpe._.js:776
[  673314ms] [LOG] [Fast Refresh] done in 37ms @ http://localhost:3000/_next/static/chunks/137q_next_dist_0ewclpe._.js:776
[  673376ms] [LOG] [Fast Refresh] done in 37ms @ http://localhost:3000/_next/static/chunks/137q_next_dist_0ewclpe._.js:776
[  673437ms] [LOG] [Fast Refresh] done in 37ms @ http://localhost:3000/_next/static/chunks/137q_next_dist_0ewclpe._.js:776
[  673498ms] [LOG] [Fast Refresh] done in 37ms @ http://localhost:3000/_next/static/chunks/137q_next_dist_0ewclpe._.js:776
[  673560ms] [LOG] [Fast Refresh] done in 37ms @ http://localhost:3000/_next/static/chunks/137q_next_dist_0ewclpe._.js:776
[  673608ms] [LOG] [Fast Refresh] done in 37ms @ http://localhost:3000/_next/static/chunks/137q_next_dist_0ewclpe._.js:776
[  673669ms] [LOG] [Fast Refresh] done in 37ms @ http://localhost:3000/_next/static/chunks/137q_next_dist_0ewclpe._.js:776
[  673732ms] [LOG] [Fast Refresh] done in 37ms @ http://localhost:3000/_next/static/chunks/137q_next_dist_0ewclpe._.js:776
[  673780ms] [LOG] [Fast Refresh] done in 37ms @ http://localhost:3000/_next/static/chunks/137q_next_dist_0ewclpe._.js:776
[  673842ms] [LOG] [Fast Refresh] done in 37ms @ http://localhost:3000/_next/static/chunks/137q_next_dist_0ewclpe._.js:776
[  673906ms] [LOG] [Fast Refresh] done in 37ms @ http://localhost:3000/_next/static/chunks/137q_next_dist_0ewclpe._.js:776
[  673968ms] [LOG] [Fast Refresh] done in 37ms @ http://localhost:3000/_next/static/chunks/137q_next_dist_0ewclpe._.js:776
[  674029ms] [LOG] [Fast Refresh] done in 37ms @ http://localhost:3000/_next/static/chunks/137q_next_dist_0ewclpe._.js:776
[  674091ms] [LOG] [Fast Refresh] done in 37ms @ http://localhost:3000/_next/static/chunks/137q_next_dist_0ewclpe._.js:776
[  674139ms] [LOG] [Fast Refresh] done in 37ms @ http://localhost:3000/_next/static/chunks/137q_next_dist_0ewclpe._.js:776
[  674202ms] [LOG] [Fast Refresh] done in 37ms @ http://localhost:3000/_next/static/chunks/137q_next_dist_0ewclpe._.js:776
[  674251ms] [LOG] [Fast Refresh] done in 37ms @ http://localhost:3000/_next/static/chunks/137q_next_dist_0ewclpe._.js:776
[  674314ms] [LOG] [Fast Refresh] done in 37ms @ http://localhost:3000/_next/static/chunks/137q_next_dist_0ewclpe._.js:776
[  674375ms] [LOG] [Fast Refresh] done in 37ms @ http://localhost:3000/_next/static/chunks/137q_next_dist_0ewclpe._.js:776
[  674438ms] [LOG] [Fast Refresh] done in 37ms @ http://localhost:3000/_next/static/chunks/137q_next_dist_0ewclpe._.js:776
[  674485ms] [LOG] [Fast Refresh] done in 37ms @ http://localhost:3000/_next/static/chunks/137q_next_dist_0ewclpe._.js:776
[  674547ms] [LOG] [Fast Refresh] done in 37ms @ http://localhost:3000/_next/static/chunks/137q_next_dist_0ewclpe._.js:776
[  674611ms] [LOG] [Fast Refresh] done in 37ms @ http://localhost:3000/_next/static/chunks/137q_next_dist_0ewclpe._.js:776
[  674673ms] [LOG] [Fast Refresh] done in 37ms @ http://localhost:3000/_next/static/chunks/137q_next_dist_0ewclpe._.js:776
[  674735ms] [LOG] [Fast Refresh] done in 37ms @ http://localhost:3000/_next/static/chunks/137q_next_dist_0ewclpe._.js:776
[  674798ms] [LOG] [Fast Refresh] done in 37ms @ http://localhost:3000/_next/static/chunks/137q_next_dist_0ewclpe._.js:776
[  674847ms] [LOG] [Fast Refresh] done in 37ms @ http://localhost:3000/_next/static/chunks/137q_next_dist_0ewclpe._.js:776
[  674909ms] [LOG] [Fast Refresh] done in 37ms @ http://localhost:3000/_next/static/chunks/137q_next_dist_0ewclpe._.js:776
[  674971ms] [LOG] [Fast Refresh] done in 37ms @ http://localhost:3000/_next/static/chunks/137q_next_dist_0ewclpe._.js:776
[  675018ms] [LOG] [Fast Refresh] done in 37ms @ http://localhost:3000/_next/static/chunks/137q_next_dist_0ewclpe._.js:776
[  675081ms] [LOG] [Fast Refresh] done in 37ms @ http://localhost:3000/_next/static/chunks/137q_next_dist_0ewclpe._.js:776
[  675143ms] [LOG] [Fast Refresh] done in 37ms @ http://localhost:3000/_next/static/chunks/137q_next_dist_0ewclpe._.js:776
[  675206ms] [LOG] [Fast Refresh] done in 37ms @ http://localhost:3000/_next/static/chunks/137q_next_dist_0ewclpe._.js:776
[  675269ms] [LOG] [Fast Refresh] done in 37ms @ http://localhost:3000/_next/static/chunks/137q_next_dist_0ewclpe._.js:776
[  675317ms] [LOG] [Fast Refresh] done in 37ms @ http://localhost:3000/_next/static/chunks/137q_next_dist_0ewclpe._.js:776
[  675365ms] [LOG] [Fast Refresh] done in 37ms @ http://localhost:3000/_next/static/chunks/137q_next_dist_0ewclpe._.js:776
[  675427ms] [LOG] [Fast Refresh] done in 37ms @ http://localhost:3000/_next/static/chunks/137q_next_dist_0ewclpe._.js:776
[  675489ms] [LOG] [Fast Refresh] done in 37ms @ http://localhost:3000/_next/static/chunks/137q_next_dist_0ewclpe._.js:776
[  675551ms] [LOG] [Fast Refresh] done in 37ms @ http://localhost:3000/_next/static/chunks/137q_next_dist_0ewclpe._.js:776
[  675613ms] [LOG] [Fast Refresh] done in 37ms @ http://localhost:3000/_next/static/chunks/137q_next_dist_0ewclpe._.js:776
[  675661ms] [LOG] [Fast Refresh] done in 37ms @ http://localhost:3000/_next/static/chunks/137q_next_dist_0ewclpe._.js:776
[  675723ms] [LOG] [Fast Refresh] done in 37ms @ http://localhost:3000/_next/static/chunks/137q_next_dist_0ewclpe._.js:776
[  675786ms] [LOG] [Fast Refresh] done in 37ms @ http://localhost:3000/_next/static/chunks/137q_next_dist_0ewclpe._.js:776
[  675849ms] [LOG] [Fast Refresh] done in 37ms @ http://localhost:3000/_next/static/chunks/137q_next_dist_0ewclpe._.js:776
[  675912ms] [LOG] [Fast Refresh] done in 37ms @ http://localhost:3000/_next/static/chunks/137q_next_dist_0ewclpe._.js:776
[  675974ms] [LOG] [Fast Refresh] done in 37ms @ http://localhost:3000/_next/static/chunks/137q_next_dist_0ewclpe._.js:776
[  676035ms] [LOG] [Fast Refresh] done in 37ms @ http://localhost:3000/_next/static/chunks/137q_next_dist_0ewclpe._.js:776
[  676097ms] [LOG] [Fast Refresh] done in 37ms @ http://localhost:3000/_next/static/chunks/137q_next_dist_0ewclpe._.js:776
[  676159ms] [LOG] [Fast Refresh] done in 37ms @ http://localhost:3000/_next/static/chunks/137q_next_dist_0ewclpe._.js:776
[  676206ms] [LOG] [Fast Refresh] done in 37ms @ http://localhost:3000/_next/static/chunks/137q_next_dist_0ewclpe._.js:776
[  676269ms] [LOG] [Fast Refresh] done in 37ms @ http://localhost:3000/_next/static/chunks/137q_next_dist_0ewclpe._.js:776
[  676330ms] [LOG] [Fast Refresh] done in 37ms @ http://localhost:3000/_next/static/chunks/137q_next_dist_0ewclpe._.js:776
[  676391ms] [LOG] [Fast Refresh] done in 37ms @ http://localhost:3000/_next/static/chunks/137q_next_dist_0ewclpe._.js:776
[  676453ms] [LOG] [Fast Refresh] done in 37ms @ http://localhost:3000/_next/static/chunks/137q_next_dist_0ewclpe._.js:776
[  676515ms] [LOG] [Fast Refresh] done in 37ms @ http://localhost:3000/_next/static/chunks/137q_next_dist_0ewclpe._.js:776
[  676578ms] [LOG] [Fast Refresh] done in 37ms @ http://localhost:3000/_next/static/chunks/137q_next_dist_0ewclpe._.js:776
[  676641ms] [LOG] [Fast Refresh] done in 37ms @ http://localhost:3000/_next/static/chunks/137q_next_dist_0ewclpe._.js:776
[  676703ms] [LOG] [Fast Refresh] done in 37ms @ http://localhost:3000/_next/static/chunks/137q_next_dist_0ewclpe._.js:776
[  676751ms] [LOG] [Fast Refresh] done in 37ms @ http://localhost:3000/_next/static/chunks/137q_next_dist_0ewclpe._.js:776
[  676812ms] [LOG] [Fast Refresh] done in 37ms @ http://localhost:3000/_next/static/chunks/137q_next_dist_0ewclpe._.js:776
[  676873ms] [LOG] [Fast Refresh] done in 37ms @ http://localhost:3000/_next/static/chunks/137q_next_dist_0ewclpe._.js:776
[  676935ms] [LOG] [Fast Refresh] done in 37ms @ http://localhost:3000/_next/static/chunks/137q_next_dist_0ewclpe._.js:776
[  676984ms] [LOG] [Fast Refresh] done in 37ms @ http://localhost:3000/_next/static/chunks/137q_next_dist_0ewclpe._.js:776
[  677047ms] [LOG] [Fast Refresh] done in 37ms @ http://localhost:3000/_next/static/chunks/137q_next_dist_0ewclpe._.js:776
[  677110ms] [LOG] [Fast Refresh] done in 37ms @ http://localhost:3000/_next/static/chunks/137q_next_dist_0ewclpe._.js:776
[  677172ms] [LOG] [Fast Refresh] done in 37ms @ http://localhost:3000/_next/static/chunks/137q_next_dist_0ewclpe._.js:776
[  677233ms] [LOG] [Fast Refresh] done in 37ms @ http://localhost:3000/_next/static/chunks/137q_next_dist_0ewclpe._.js:776
[  677295ms] [LOG] [Fast Refresh] done in 37ms @ http://localhost:3000/_next/static/chunks/137q_next_dist_0ewclpe._.js:776
[  677357ms] [LOG] [Fast Refresh] done in 37ms @ http://localhost:3000/_next/static/chunks/137q_next_dist_0ewclpe._.js:776
[  677419ms] [LOG] [Fast Refresh] done in 37ms @ http://localhost:3000/_next/static/chunks/137q_next_dist_0ewclpe._.js:776
[  677481ms] [LOG] [Fast Refresh] done in 37ms @ http://localhost:3000/_next/static/chunks/137q_next_dist_0ewclpe._.js:776
[  677544ms] [LOG] [Fast Refresh] done in 37ms @ http://localhost:3000/_next/static/chunks/137q_next_dist_0ewclpe._.js:776
[  677606ms] [LOG] [Fast Refresh] done in 37ms @ http://localhost:3000/_next/static/chunks/137q_next_dist_0ewclpe._.js:776
[  677653ms] [LOG] [Fast Refresh] done in 37ms @ http://localhost:3000/_next/static/chunks/137q_next_dist_0ewclpe._.js:776
[  677716ms] [LOG] [Fast Refresh] done in 37ms @ http://localhost:3000/_next/static/chunks/137q_next_dist_0ewclpe._.js:776
[  677780ms] [LOG] [Fast Refresh] done in 37ms @ http://localhost:3000/_next/static/chunks/137q_next_dist_0ewclpe._.js:776
[  677828ms] [LOG] [Fast Refresh] done in 37ms @ http://localhost:3000/_next/static/chunks/137q_next_dist_0ewclpe._.js:776
[  746130ms] [LOG] [HMR] connected @ http://localhost:3000/_next/static/chunks/137q_next_dist_0ewclpe._.js:776
[  755876ms] [INFO] %cDownload the React DevTools for a better development experience: https://react.dev/link/react-devtools font-weight:bold @ http://localhost:3000/_next/static/chunks/137q_next_dist_0ewclpe._.js:776
[  755922ms] [LOG] [HMR] connected @ http://localhost:3000/_next/static/chunks/137q_next_dist_0ewclpe._.js:776
[  792094ms] [LOG] [Fast Refresh] rebuilding @ http://localhost:3000/_next/static/chunks/137q_next_dist_0ewclpe._.js:776
[  792205ms] [LOG] [Fast Refresh] done in 218ms @ http://localhost:3000/_next/static/chunks/137q_next_dist_0ewclpe._.js:776
[  792461ms] [LOG] [Fast Refresh] rebuilding @ http://localhost:3000/_next/static/chunks/137q_next_dist_0ewclpe._.js:776
[  792583ms] [LOG] [Fast Refresh] done in 223ms @ http://localhost:3000/_next/static/chunks/137q_next_dist_0ewclpe._.js:776
[  812089ms] [ERROR] WebSocket connection to 'ws://localhost:3000/_next/hmr?id=3oPaiBe1ItdZMT_qzRTiA' failed: Error in connection establishment: net::ERR_CONNECTION_REFUSED @ http://localhost:3000/_next/static/chunks/137q_next_dist_client_0e-7yrl._.js:16256
[  814562ms] [LOG] [HMR] connected @ http://localhost:3000/_next/static/chunks/137q_next_dist_0ewclpe._.js:776
[  816189ms] [INFO] %cDownload the React DevTools for a better development experience: https://react.dev/link/react-devtools font-weight:bold @ http://localhost:3000/_next/static/chunks/137q_next_dist_0ewclpe._.js:776
[  816227ms] [LOG] [HMR] connected @ http://localhost:3000/_next/static/chunks/137q_next_dist_0ewclpe._.js:776
