[     318ms] [INFO] %cDownload the React DevTools for a better development experience: https://react.dev/link/react-devtools font-weight:bold @ http://localhost:3000/_next/static/chunks/137q_next_dist_0ewclpe._.js:776
[     333ms] [LOG] [HMR] connected @ http://localhost:3000/_next/static/chunks/137q_next_dist_0ewclpe._.js:776
[  133765ms] [LOG] [Fast Refresh] rebuilding @ http://localhost:3000/_next/static/chunks/137q_next_dist_0ewclpe._.js:776
[  133767ms] [LOG] [Fast Refresh] done in 3ms @ http://localhost:3000/_next/static/chunks/137q_next_dist_0ewclpe._.js:776
[  160817ms] [LOG] [Fast Refresh] rebuilding @ http://localhost:3000/_next/static/chunks/137q_next_dist_0ewclpe._.js:776
[  160865ms] [LOG] [Fast Refresh] done in 3ms @ http://localhost:3000/_next/static/chunks/137q_next_dist_0ewclpe._.js:776
[  160914ms] [LOG] [Fast Refresh] done in 3ms @ http://localhost:3000/_next/static/chunks/137q_next_dist_0ewclpe._.js:776
[  160976ms] [LOG] [Fast Refresh] done in 3ms @ http://localhost:3000/_next/static/chunks/137q_next_dist_0ewclpe._.js:776
[  161023ms] [LOG] [Fast Refresh] done in 3ms @ http://localhost:3000/_next/static/chunks/137q_next_dist_0ewclpe._.js:776
[  161088ms] [LOG] [Fast Refresh] done in 3ms @ http://localhost:3000/_next/static/chunks/137q_next_dist_0ewclpe._.js:776
[  161150ms] [LOG] [Fast Refresh] done in 3ms @ http://localhost:3000/_next/static/chunks/137q_next_dist_0ewclpe._.js:776
[  161197ms] [LOG] [Fast Refresh] done in 3ms @ http://localhost:3000/_next/static/chunks/137q_next_dist_0ewclpe._.js:776
[  161244ms] [LOG] [Fast Refresh] done in 3ms @ http://localhost:3000/_next/static/chunks/137q_next_dist_0ewclpe._.js:776
[  161307ms] [LOG] [Fast Refresh] done in 3ms @ http://localhost:3000/_next/static/chunks/137q_next_dist_0ewclpe._.js:776
[  161368ms] [LOG] [Fast Refresh] done in 3ms @ http://localhost:3000/_next/static/chunks/137q_next_dist_0ewclpe._.js:776
[  161433ms] [LOG] [Fast Refresh] done in 3ms @ http://localhost:3000/_next/static/chunks/137q_next_dist_0ewclpe._.js:776
[  161495ms] [LOG] [Fast Refresh] done in 3ms @ http://localhost:3000/_next/static/chunks/137q_next_dist_0ewclpe._.js:776
[  161543ms] [LOG] [Fast Refresh] done in 3ms @ http://localhost:3000/_next/static/chunks/137q_next_dist_0ewclpe._.js:776
[  161590ms] [LOG] [Fast Refresh] done in 3ms @ http://localhost:3000/_next/static/chunks/137q_next_dist_0ewclpe._.js:776
[  161651ms] [LOG] [Fast Refresh] done in 3ms @ http://localhost:3000/_next/static/chunks/137q_next_dist_0ewclpe._.js:776
[  161715ms] [LOG] [Fast Refresh] done in 3ms @ http://localhost:3000/_next/static/chunks/137q_next_dist_0ewclpe._.js:776
[  161762ms] [LOG] [Fast Refresh] done in 3ms @ http://localhost:3000/_next/static/chunks/137q_next_dist_0ewclpe._.js:776
[  161824ms] [LOG] [Fast Refresh] done in 3ms @ http://localhost:3000/_next/static/chunks/137q_next_dist_0ewclpe._.js:776
[  161886ms] [LOG] [Fast Refresh] done in 3ms @ http://localhost:3000/_next/static/chunks/137q_next_dist_0ewclpe._.js:776
[  161949ms] [LOG] [Fast Refresh] done in 3ms @ http://localhost:3000/_next/static/chunks/137q_next_dist_0ewclpe._.js:776
[  162011ms] [LOG] [Fast Refresh] done in 3ms @ http://localhost:3000/_next/static/chunks/137q_next_dist_0ewclpe._.js:776
[  162059ms] [LOG] [Fast Refresh] done in 3ms @ http://localhost:3000/_next/static/chunks/137q_next_dist_0ewclpe._.js:776
[  162123ms] [LOG] [Fast Refresh] done in 3ms @ http://localhost:3000/_next/static/chunks/137q_next_dist_0ewclpe._.js:776
[  162171ms] [LOG] [Fast Refresh] done in 3ms @ http://localhost:3000/_next/static/chunks/137q_next_dist_0ewclpe._.js:776
[  162233ms] [LOG] [Fast Refresh] done in 3ms @ http://localhost:3000/_next/static/chunks/137q_next_dist_0ewclpe._.js:776
[  162296ms] [LOG] [Fast Refresh] done in 3ms @ http://localhost:3000/_next/static/chunks/137q_next_dist_0ewclpe._.js:776
[  162358ms] [LOG] [Fast Refresh] done in 3ms @ http://localhost:3000/_next/static/chunks/137q_next_dist_0ewclpe._.js:776
[  162421ms] [LOG] [Fast Refresh] done in 3ms @ http://localhost:3000/_next/static/chunks/137q_next_dist_0ewclpe._.js:776
[  162484ms] [LOG] [Fast Refresh] done in 3ms @ http://localhost:3000/_next/static/chunks/137q_next_dist_0ewclpe._.js:776
[  162532ms] [LOG] [Fast Refresh] done in 3ms @ http://localhost:3000/_next/static/chunks/137q_next_dist_0ewclpe._.js:776
[  162594ms] [LOG] [Fast Refresh] done in 3ms @ http://localhost:3000/_next/static/chunks/137q_next_dist_0ewclpe._.js:776
[  162641ms] [LOG] [Fast Refresh] done in 3ms @ http://localhost:3000/_next/static/chunks/137q_next_dist_0ewclpe._.js:776
[  162704ms] [LOG] [Fast Refresh] done in 3ms @ http://localhost:3000/_next/static/chunks/137q_next_dist_0ewclpe._.js:776
[  162767ms] [LOG] [Fast Refresh] done in 3ms @ http://localhost:3000/_next/static/chunks/137q_next_dist_0ewclpe._.js:776
[  162830ms] [LOG] [Fast Refresh] done in 3ms @ http://localhost:3000/_next/static/chunks/137q_next_dist_0ewclpe._.js:776
[  162892ms] [LOG] [Fast Refresh] done in 3ms @ http://localhost:3000/_next/static/chunks/137q_next_dist_0ewclpe._.js:776
[  162940ms] [LOG] [Fast Refresh] done in 3ms @ http://localhost:3000/_next/static/chunks/137q_next_dist_0ewclpe._.js:776
[  163002ms] [LOG] [Fast Refresh] done in 3ms @ http://localhost:3000/_next/static/chunks/137q_next_dist_0ewclpe._.js:776
[  163064ms] [LOG] [Fast Refresh] done in 3ms @ http://localhost:3000/_next/static/chunks/137q_next_dist_0ewclpe._.js:776
[  163127ms] [LOG] [Fast Refresh] done in 3ms @ http://localhost:3000/_next/static/chunks/137q_next_dist_0ewclpe._.js:776
[  163190ms] [LOG] [Fast Refresh] done in 3ms @ http://localhost:3000/_next/static/chunks/137q_next_dist_0ewclpe._.js:776
[  163252ms] [LOG] [Fast Refresh] done in 3ms @ http://localhost:3000/_next/static/chunks/137q_next_dist_0ewclpe._.js:776
[  163314ms] [LOG] [Fast Refresh] done in 3ms @ http://localhost:3000/_next/static/chunks/137q_next_dist_0ewclpe._.js:776
[  163376ms] [LOG] [Fast Refresh] done in 3ms @ http://localhost:3000/_next/static/chunks/137q_next_dist_0ewclpe._.js:776
[  163424ms] [LOG] [Fast Refresh] done in 3ms @ http://localhost:3000/_next/static/chunks/137q_next_dist_0ewclpe._.js:776
[  163486ms] [LOG] [Fast Refresh] done in 3ms @ http://localhost:3000/_next/static/chunks/137q_next_dist_0ewclpe._.js:776
[  163548ms] [LOG] [Fast Refresh] done in 3ms @ http://localhost:3000/_next/static/chunks/137q_next_dist_0ewclpe._.js:776
[  163609ms] [LOG] [Fast Refresh] done in 3ms @ http://localhost:3000/_next/static/chunks/137q_next_dist_0ewclpe._.js:776
[  163672ms] [LOG] [Fast Refresh] done in 3ms @ http://localhost:3000/_next/static/chunks/137q_next_dist_0ewclpe._.js:776
[  163720ms] [LOG] [Fast Refresh] done in 3ms @ http://localhost:3000/_next/static/chunks/137q_next_dist_0ewclpe._.js:776
[  163782ms] [LOG] [Fast Refresh] done in 3ms @ http://localhost:3000/_next/static/chunks/137q_next_dist_0ewclpe._.js:776
[  163845ms] [LOG] [Fast Refresh] done in 3ms @ http://localhost:3000/_next/static/chunks/137q_next_dist_0ewclpe._.js:776
[  163907ms] [LOG] [Fast Refresh] done in 3ms @ http://localhost:3000/_next/static/chunks/137q_next_dist_0ewclpe._.js:776
[  163968ms] [LOG] [Fast Refresh] done in 3ms @ http://localhost:3000/_next/static/chunks/137q_next_dist_0ewclpe._.js:776
[  164017ms] [LOG] [Fast Refresh] done in 3ms @ http://localhost:3000/_next/static/chunks/137q_next_dist_0ewclpe._.js:776
[  164080ms] [LOG] [Fast Refresh] done in 3ms @ http://localhost:3000/_next/static/chunks/137q_next_dist_0ewclpe._.js:776
[  164141ms] [LOG] [Fast Refresh] done in 3ms @ http://localhost:3000/_next/static/chunks/137q_next_dist_0ewclpe._.js:776
[  164203ms] [LOG] [Fast Refresh] done in 3ms @ http://localhost:3000/_next/static/chunks/137q_next_dist_0ewclpe._.js:776
[  164265ms] [LOG] [Fast Refresh] done in 3ms @ http://localhost:3000/_next/static/chunks/137q_next_dist_0ewclpe._.js:776
[  164326ms] [LOG] [Fast Refresh] done in 3ms @ http://localhost:3000/_next/static/chunks/137q_next_dist_0ewclpe._.js:776
[  164389ms] [LOG] [Fast Refresh] done in 3ms @ http://localhost:3000/_next/static/chunks/137q_next_dist_0ewclpe._.js:776
[  164438ms] [LOG] [Fast Refresh] done in 3ms @ http://localhost:3000/_next/static/chunks/137q_next_dist_0ewclpe._.js:776
[  164485ms] [LOG] [Fast Refresh] done in 3ms @ http://localhost:3000/_next/static/chunks/137q_next_dist_0ewclpe._.js:776
[  164547ms] [LOG] [Fast Refresh] done in 3ms @ http://localhost:3000/_next/static/chunks/137q_next_dist_0ewclpe._.js:776
[  164595ms] [LOG] [Fast Refresh] done in 3ms @ http://localhost:3000/_next/static/chunks/137q_next_dist_0ewclpe._.js:776
[  164658ms] [LOG] [Fast Refresh] done in 3ms @ http://localhost:3000/_next/static/chunks/137q_next_dist_0ewclpe._.js:776
[  164720ms] [LOG] [Fast Refresh] done in 3ms @ http://localhost:3000/_next/static/chunks/137q_next_dist_0ewclpe._.js:776
[  164769ms] [LOG] [Fast Refresh] done in 3ms @ http://localhost:3000/_next/static/chunks/137q_next_dist_0ewclpe._.js:776
[  164830ms] [LOG] [Fast Refresh] done in 3ms @ http://localhost:3000/_next/static/chunks/137q_next_dist_0ewclpe._.js:776
[  164891ms] [LOG] [Fast Refresh] done in 3ms @ http://localhost:3000/_next/static/chunks/137q_next_dist_0ewclpe._.js:776
[  164955ms] [LOG] [Fast Refresh] done in 3ms @ http://localhost:3000/_next/static/chunks/137q_next_dist_0ewclpe._.js:776
[  165017ms] [LOG] [Fast Refresh] done in 3ms @ http://localhost:3000/_next/static/chunks/137q_next_dist_0ewclpe._.js:776
[  165078ms] [LOG] [Fast Refresh] done in 3ms @ http://localhost:3000/_next/static/chunks/137q_next_dist_0ewclpe._.js:776
[  165141ms] [LOG] [Fast Refresh] done in 3ms @ http://localhost:3000/_next/static/chunks/137q_next_dist_0ewclpe._.js:776
[  165202ms] [LOG] [Fast Refresh] done in 3ms @ http://localhost:3000/_next/static/chunks/137q_next_dist_0ewclpe._.js:776
[  165265ms] [LOG] [Fast Refresh] done in 3ms @ http://localhost:3000/_next/static/chunks/137q_next_dist_0ewclpe._.js:776
[  165327ms] [LOG] [Fast Refresh] done in 3ms @ http://localhost:3000/_next/static/chunks/137q_next_dist_0ewclpe._.js:776
[  165389ms] [LOG] [Fast Refresh] done in 3ms @ http://localhost:3000/_next/static/chunks/137q_next_dist_0ewclpe._.js:776
[  165436ms] [LOG] [Fast Refresh] done in 3ms @ http://localhost:3000/_next/static/chunks/137q_next_dist_0ewclpe._.js:776
[  165484ms] [LOG] [Fast Refresh] done in 3ms @ http://localhost:3000/_next/static/chunks/137q_next_dist_0ewclpe._.js:776
[  165547ms] [LOG] [Fast Refresh] done in 3ms @ http://localhost:3000/_next/static/chunks/137q_next_dist_0ewclpe._.js:776
[  165594ms] [LOG] [Fast Refresh] done in 3ms @ http://localhost:3000/_next/static/chunks/137q_next_dist_0ewclpe._.js:776
[  165657ms] [LOG] [Fast Refresh] done in 3ms @ http://localhost:3000/_next/static/chunks/137q_next_dist_0ewclpe._.js:776
[  165718ms] [LOG] [Fast Refresh] done in 3ms @ http://localhost:3000/_next/static/chunks/137q_next_dist_0ewclpe._.js:776
[  165781ms] [LOG] [Fast Refresh] done in 3ms @ http://localhost:3000/_next/static/chunks/137q_next_dist_0ewclpe._.js:776
[  165829ms] [LOG] [Fast Refresh] done in 3ms @ http://localhost:3000/_next/static/chunks/137q_next_dist_0ewclpe._.js:776
[  165877ms] [LOG] [Fast Refresh] done in 3ms @ http://localhost:3000/_next/static/chunks/137q_next_dist_0ewclpe._.js:776
[  165939ms] [LOG] [Fast Refresh] done in 3ms @ http://localhost:3000/_next/static/chunks/137q_next_dist_0ewclpe._.js:776
[  165987ms] [LOG] [Fast Refresh] done in 3ms @ http://localhost:3000/_next/static/chunks/137q_next_dist_0ewclpe._.js:776
[  166048ms] [LOG] [Fast Refresh] done in 3ms @ http://localhost:3000/_next/static/chunks/137q_next_dist_0ewclpe._.js:776
[  166109ms] [LOG] [Fast Refresh] done in 3ms @ http://localhost:3000/_next/static/chunks/137q_next_dist_0ewclpe._.js:776
[  166171ms] [LOG] [Fast Refresh] done in 3ms @ http://localhost:3000/_next/static/chunks/137q_next_dist_0ewclpe._.js:776
[  166233ms] [LOG] [Fast Refresh] done in 3ms @ http://localhost:3000/_next/static/chunks/137q_next_dist_0ewclpe._.js:776
[  166295ms] [LOG] [Fast Refresh] done in 3ms @ http://localhost:3000/_next/static/chunks/137q_next_dist_0ewclpe._.js:776
[  166356ms] [LOG] [Fast Refresh] done in 3ms @ http://localhost:3000/_next/static/chunks/137q_next_dist_0ewclpe._.js:776
[  166419ms] [LOG] [Fast Refresh] done in 3ms @ http://localhost:3000/_next/static/chunks/137q_next_dist_0ewclpe._.js:776
[  166481ms] [LOG] [Fast Refresh] done in 3ms @ http://localhost:3000/_next/static/chunks/137q_next_dist_0ewclpe._.js:776
[  166529ms] [LOG] [Fast Refresh] done in 3ms @ http://localhost:3000/_next/static/chunks/137q_next_dist_0ewclpe._.js:776
[  166593ms] [LOG] [Fast Refresh] done in 3ms @ http://localhost:3000/_next/static/chunks/137q_next_dist_0ewclpe._.js:776
[  166656ms] [LOG] [Fast Refresh] done in 3ms @ http://localhost:3000/_next/static/chunks/137q_next_dist_0ewclpe._.js:776
[  166719ms] [LOG] [Fast Refresh] done in 3ms @ http://localhost:3000/_next/static/chunks/137q_next_dist_0ewclpe._.js:776
[  166766ms] [LOG] [Fast Refresh] done in 3ms @ http://localhost:3000/_next/static/chunks/137q_next_dist_0ewclpe._.js:776
[  166813ms] [LOG] [Fast Refresh] done in 3ms @ http://localhost:3000/_next/static/chunks/137q_next_dist_0ewclpe._.js:776
[  166874ms] [LOG] [Fast Refresh] done in 3ms @ http://localhost:3000/_next/static/chunks/137q_next_dist_0ewclpe._.js:776
[  166922ms] [LOG] [Fast Refresh] done in 3ms @ http://localhost:3000/_next/static/chunks/137q_next_dist_0ewclpe._.js:776
[  166984ms] [LOG] [Fast Refresh] done in 3ms @ http://localhost:3000/_next/static/chunks/137q_next_dist_0ewclpe._.js:776
[  167032ms] [LOG] [Fast Refresh] done in 3ms @ http://localhost:3000/_next/static/chunks/137q_next_dist_0ewclpe._.js:776
[  167095ms] [LOG] [Fast Refresh] done in 3ms @ http://localhost:3000/_next/static/chunks/137q_next_dist_0ewclpe._.js:776
[  167157ms] [LOG] [Fast Refresh] done in 3ms @ http://localhost:3000/_next/static/chunks/137q_next_dist_0ewclpe._.js:776
[  167219ms] [LOG] [Fast Refresh] done in 3ms @ http://localhost:3000/_next/static/chunks/137q_next_dist_0ewclpe._.js:776
[  167267ms] [LOG] [Fast Refresh] done in 3ms @ http://localhost:3000/_next/static/chunks/137q_next_dist_0ewclpe._.js:776
[  167329ms] [LOG] [Fast Refresh] done in 3ms @ http://localhost:3000/_next/static/chunks/137q_next_dist_0ewclpe._.js:776
[  167377ms] [LOG] [Fast Refresh] done in 3ms @ http://localhost:3000/_next/static/chunks/137q_next_dist_0ewclpe._.js:776
[  167440ms] [LOG] [Fast Refresh] done in 3ms @ http://localhost:3000/_next/static/chunks/137q_next_dist_0ewclpe._.js:776
[  167502ms] [LOG] [Fast Refresh] done in 3ms @ http://localhost:3000/_next/static/chunks/137q_next_dist_0ewclpe._.js:776
[  167549ms] [LOG] [Fast Refresh] done in 3ms @ http://localhost:3000/_next/static/chunks/137q_next_dist_0ewclpe._.js:776
[  167611ms] [LOG] [Fast Refresh] done in 3ms @ http://localhost:3000/_next/static/chunks/137q_next_dist_0ewclpe._.js:776
[  167673ms] [LOG] [Fast Refresh] done in 3ms @ http://localhost:3000/_next/static/chunks/137q_next_dist_0ewclpe._.js:776
[  167734ms] [LOG] [Fast Refresh] done in 3ms @ http://localhost:3000/_next/static/chunks/137q_next_dist_0ewclpe._.js:776
[  167796ms] [LOG] [Fast Refresh] done in 3ms @ http://localhost:3000/_next/static/chunks/137q_next_dist_0ewclpe._.js:776
[  167858ms] [LOG] [Fast Refresh] done in 3ms @ http://localhost:3000/_next/static/chunks/137q_next_dist_0ewclpe._.js:776
[  167919ms] [LOG] [Fast Refresh] done in 3ms @ http://localhost:3000/_next/static/chunks/137q_next_dist_0ewclpe._.js:776
[  167966ms] [LOG] [Fast Refresh] done in 3ms @ http://localhost:3000/_next/static/chunks/137q_next_dist_0ewclpe._.js:776
[  168013ms] [LOG] [Fast Refresh] done in 3ms @ http://localhost:3000/_next/static/chunks/137q_next_dist_0ewclpe._.js:776
[  168061ms] [LOG] [Fast Refresh] done in 3ms @ http://localhost:3000/_next/static/chunks/137q_next_dist_0ewclpe._.js:776
[  168109ms] [LOG] [Fast Refresh] done in 3ms @ http://localhost:3000/_next/static/chunks/137q_next_dist_0ewclpe._.js:776
[  168172ms] [LOG] [Fast Refresh] done in 3ms @ http://localhost:3000/_next/static/chunks/137q_next_dist_0ewclpe._.js:776
[  168233ms] [LOG] [Fast Refresh] done in 3ms @ http://localhost:3000/_next/static/chunks/137q_next_dist_0ewclpe._.js:776
[  168296ms] [LOG] [Fast Refresh] done in 3ms @ http://localhost:3000/_next/static/chunks/137q_next_dist_0ewclpe._.js:776
[  168342ms] [LOG] [Fast Refresh] done in 3ms @ http://localhost:3000/_next/static/chunks/137q_next_dist_0ewclpe._.js:776
[  168404ms] [LOG] [Fast Refresh] done in 3ms @ http://localhost:3000/_next/static/chunks/137q_next_dist_0ewclpe._.js:776
[  168465ms] [LOG] [Fast Refresh] done in 3ms @ http://localhost:3000/_next/static/chunks/137q_next_dist_0ewclpe._.js:776
[  168528ms] [LOG] [Fast Refresh] done in 3ms @ http://localhost:3000/_next/static/chunks/137q_next_dist_0ewclpe._.js:776
[  168575ms] [LOG] [Fast Refresh] done in 3ms @ http://localhost:3000/_next/static/chunks/137q_next_dist_0ewclpe._.js:776
[  168638ms] [LOG] [Fast Refresh] done in 3ms @ http://localhost:3000/_next/static/chunks/137q_next_dist_0ewclpe._.js:776
[  168699ms] [LOG] [Fast Refresh] done in 3ms @ http://localhost:3000/_next/static/chunks/137q_next_dist_0ewclpe._.js:776
[  168761ms] [LOG] [Fast Refresh] done in 3ms @ http://localhost:3000/_next/static/chunks/137q_next_dist_0ewclpe._.js:776
[  168822ms] [LOG] [Fast Refresh] done in 3ms @ http://localhost:3000/_next/static/chunks/137q_next_dist_0ewclpe._.js:776
[  168884ms] [LOG] [Fast Refresh] done in 3ms @ http://localhost:3000/_next/static/chunks/137q_next_dist_0ewclpe._.js:776
[  168932ms] [LOG] [Fast Refresh] done in 3ms @ http://localhost:3000/_next/static/chunks/137q_next_dist_0ewclpe._.js:776
[  168994ms] [LOG] [Fast Refresh] done in 3ms @ http://localhost:3000/_next/static/chunks/137q_next_dist_0ewclpe._.js:776
[  169056ms] [LOG] [Fast Refresh] done in 3ms @ http://localhost:3000/_next/static/chunks/137q_next_dist_0ewclpe._.js:776
[  169119ms] [LOG] [Fast Refresh] done in 3ms @ http://localhost:3000/_next/static/chunks/137q_next_dist_0ewclpe._.js:776
[  169181ms] [LOG] [Fast Refresh] done in 3ms @ http://localhost:3000/_next/static/chunks/137q_next_dist_0ewclpe._.js:776
[  169244ms] [LOG] [Fast Refresh] done in 3ms @ http://localhost:3000/_next/static/chunks/137q_next_dist_0ewclpe._.js:776
[  169292ms] [LOG] [Fast Refresh] done in 3ms @ http://localhost:3000/_next/static/chunks/137q_next_dist_0ewclpe._.js:776
[  169339ms] [LOG] [Fast Refresh] done in 3ms @ http://localhost:3000/_next/static/chunks/137q_next_dist_0ewclpe._.js:776
[  169402ms] [LOG] [Fast Refresh] done in 3ms @ http://localhost:3000/_next/static/chunks/137q_next_dist_0ewclpe._.js:776
[  169464ms] [LOG] [Fast Refresh] done in 3ms @ http://localhost:3000/_next/static/chunks/137q_next_dist_0ewclpe._.js:776
[  169526ms] [LOG] [Fast Refresh] done in 3ms @ http://localhost:3000/_next/static/chunks/137q_next_dist_0ewclpe._.js:776
[  169590ms] [LOG] [Fast Refresh] done in 3ms @ http://localhost:3000/_next/static/chunks/137q_next_dist_0ewclpe._.js:776
[  169652ms] [LOG] [Fast Refresh] done in 3ms @ http://localhost:3000/_next/static/chunks/137q_next_dist_0ewclpe._.js:776
[  169714ms] [LOG] [Fast Refresh] done in 3ms @ http://localhost:3000/_next/static/chunks/137q_next_dist_0ewclpe._.js:776
[  169762ms] [LOG] [Fast Refresh] done in 3ms @ http://localhost:3000/_next/static/chunks/137q_next_dist_0ewclpe._.js:776
[  207994ms] [LOG] [Fast Refresh] rebuilding @ http://localhost:3000/_next/static/chunks/137q_next_dist_0ewclpe._.js:776
[  208007ms] [LOG] [Fast Refresh] done in 115ms @ http://localhost:3000/_next/static/chunks/137q_next_dist_0ewclpe._.js:776
[  208113ms] [LOG] [Fast Refresh] done in 115ms @ http://localhost:3000/_next/static/chunks/137q_next_dist_0ewclpe._.js:776
[  208219ms] [LOG] [Fast Refresh] done in 115ms @ http://localhost:3000/_next/static/chunks/137q_next_dist_0ewclpe._.js:776
[  208297ms] [LOG] [Fast Refresh] done in 115ms @ http://localhost:3000/_next/static/chunks/137q_next_dist_0ewclpe._.js:776
[  208342ms] [LOG] [Fast Refresh] done in 115ms @ http://localhost:3000/_next/static/chunks/137q_next_dist_0ewclpe._.js:776
[  208425ms] [LOG] [Fast Refresh] done in 115ms @ http://localhost:3000/_next/static/chunks/137q_next_dist_0ewclpe._.js:776
[  208483ms] [LOG] [Fast Refresh] done in 115ms @ http://localhost:3000/_next/static/chunks/137q_next_dist_0ewclpe._.js:776
[  208542ms] [LOG] [Fast Refresh] done in 115ms @ http://localhost:3000/_next/static/chunks/137q_next_dist_0ewclpe._.js:776
[  208606ms] [LOG] [Fast Refresh] done in 115ms @ http://localhost:3000/_next/static/chunks/137q_next_dist_0ewclpe._.js:776
[  208681ms] [LOG] [Fast Refresh] done in 115ms @ http://localhost:3000/_next/static/chunks/137q_next_dist_0ewclpe._.js:776
[  208739ms] [LOG] [Fast Refresh] done in 115ms @ http://localhost:3000/_next/static/chunks/137q_next_dist_0ewclpe._.js:776
[  208788ms] [LOG] [Fast Refresh] done in 115ms @ http://localhost:3000/_next/static/chunks/137q_next_dist_0ewclpe._.js:776
[  208877ms] [LOG] [Fast Refresh] done in 115ms @ http://localhost:3000/_next/static/chunks/137q_next_dist_0ewclpe._.js:776
[  208933ms] [LOG] [Fast Refresh] done in 115ms @ http://localhost:3000/_next/static/chunks/137q_next_dist_0ewclpe._.js:776
[  208986ms] [LOG] [Fast Refresh] done in 115ms @ http://localhost:3000/_next/static/chunks/137q_next_dist_0ewclpe._.js:776
[  209046ms] [LOG] [Fast Refresh] done in 115ms @ http://localhost:3000/_next/static/chunks/137q_next_dist_0ewclpe._.js:776
[  209112ms] [LOG] [Fast Refresh] done in 115ms @ http://localhost:3000/_next/static/chunks/137q_next_dist_0ewclpe._.js:776
[  209196ms] [LOG] [Fast Refresh] done in 115ms @ http://localhost:3000/_next/static/chunks/137q_next_dist_0ewclpe._.js:776
[  209268ms] [LOG] [Fast Refresh] done in 115ms @ http://localhost:3000/_next/static/chunks/137q_next_dist_0ewclpe._.js:776
[  209326ms] [LOG] [Fast Refresh] done in 115ms @ http://localhost:3000/_next/static/chunks/137q_next_dist_0ewclpe._.js:776
[  209385ms] [LOG] [Fast Refresh] done in 115ms @ http://localhost:3000/_next/static/chunks/137q_next_dist_0ewclpe._.js:776
[  209445ms] [LOG] [Fast Refresh] done in 115ms @ http://localhost:3000/_next/static/chunks/137q_next_dist_0ewclpe._.js:776
[  209506ms] [LOG] [Fast Refresh] done in 115ms @ http://localhost:3000/_next/static/chunks/137q_next_dist_0ewclpe._.js:776
[  209569ms] [LOG] [Fast Refresh] done in 115ms @ http://localhost:3000/_next/static/chunks/137q_next_dist_0ewclpe._.js:776
[  209631ms] [LOG] [Fast Refresh] done in 115ms @ http://localhost:3000/_next/static/chunks/137q_next_dist_0ewclpe._.js:776
[  209693ms] [LOG] [Fast Refresh] done in 115ms @ http://localhost:3000/_next/static/chunks/137q_next_dist_0ewclpe._.js:776
[  209757ms] [LOG] [Fast Refresh] done in 115ms @ http://localhost:3000/_next/static/chunks/137q_next_dist_0ewclpe._.js:776
[  209805ms] [LOG] [Fast Refresh] done in 115ms @ http://localhost:3000/_next/static/chunks/137q_next_dist_0ewclpe._.js:776
[  209852ms] [LOG] [Fast Refresh] done in 115ms @ http://localhost:3000/_next/static/chunks/137q_next_dist_0ewclpe._.js:776
[  209913ms] [LOG] [Fast Refresh] done in 115ms @ http://localhost:3000/_next/static/chunks/137q_next_dist_0ewclpe._.js:776
[  209976ms] [LOG] [Fast Refresh] done in 115ms @ http://localhost:3000/_next/static/chunks/137q_next_dist_0ewclpe._.js:776
[  210039ms] [LOG] [Fast Refresh] done in 115ms @ http://localhost:3000/_next/static/chunks/137q_next_dist_0ewclpe._.js:776
[  210101ms] [LOG] [Fast Refresh] done in 115ms @ http://localhost:3000/_next/static/chunks/137q_next_dist_0ewclpe._.js:776
[  210149ms] [LOG] [Fast Refresh] done in 115ms @ http://localhost:3000/_next/static/chunks/137q_next_dist_0ewclpe._.js:776
[  210197ms] [LOG] [Fast Refresh] done in 115ms @ http://localhost:3000/_next/static/chunks/137q_next_dist_0ewclpe._.js:776
[  210259ms] [LOG] [Fast Refresh] done in 115ms @ http://localhost:3000/_next/static/chunks/137q_next_dist_0ewclpe._.js:776
[  210322ms] [LOG] [Fast Refresh] done in 115ms @ http://localhost:3000/_next/static/chunks/137q_next_dist_0ewclpe._.js:776
[  210385ms] [LOG] [Fast Refresh] done in 115ms @ http://localhost:3000/_next/static/chunks/137q_next_dist_0ewclpe._.js:776
[  210445ms] [LOG] [Fast Refresh] done in 115ms @ http://localhost:3000/_next/static/chunks/137q_next_dist_0ewclpe._.js:776
[  210507ms] [LOG] [Fast Refresh] done in 115ms @ http://localhost:3000/_next/static/chunks/137q_next_dist_0ewclpe._.js:776
[  210569ms] [LOG] [Fast Refresh] done in 115ms @ http://localhost:3000/_next/static/chunks/137q_next_dist_0ewclpe._.js:776
[  210630ms] [LOG] [Fast Refresh] done in 115ms @ http://localhost:3000/_next/static/chunks/137q_next_dist_0ewclpe._.js:776
[  210677ms] [LOG] [Fast Refresh] done in 115ms @ http://localhost:3000/_next/static/chunks/137q_next_dist_0ewclpe._.js:776
[  210724ms] [LOG] [Fast Refresh] done in 115ms @ http://localhost:3000/_next/static/chunks/137q_next_dist_0ewclpe._.js:776
[  210772ms] [LOG] [Fast Refresh] done in 115ms @ http://localhost:3000/_next/static/chunks/137q_next_dist_0ewclpe._.js:776
[  210834ms] [LOG] [Fast Refresh] done in 115ms @ http://localhost:3000/_next/static/chunks/137q_next_dist_0ewclpe._.js:776
[  210894ms] [LOG] [Fast Refresh] done in 115ms @ http://localhost:3000/_next/static/chunks/137q_next_dist_0ewclpe._.js:776
[  210957ms] [LOG] [Fast Refresh] done in 115ms @ http://localhost:3000/_next/static/chunks/137q_next_dist_0ewclpe._.js:776
[  211020ms] [LOG] [Fast Refresh] done in 115ms @ http://localhost:3000/_next/static/chunks/137q_next_dist_0ewclpe._.js:776
[  211081ms] [LOG] [Fast Refresh] done in 115ms @ http://localhost:3000/_next/static/chunks/137q_next_dist_0ewclpe._.js:776
[  211143ms] [LOG] [Fast Refresh] done in 115ms @ http://localhost:3000/_next/static/chunks/137q_next_dist_0ewclpe._.js:776
[  211190ms] [LOG] [Fast Refresh] done in 115ms @ http://localhost:3000/_next/static/chunks/137q_next_dist_0ewclpe._.js:776
[  211252ms] [LOG] [Fast Refresh] done in 115ms @ http://localhost:3000/_next/static/chunks/137q_next_dist_0ewclpe._.js:776
[  211314ms] [LOG] [Fast Refresh] done in 115ms @ http://localhost:3000/_next/static/chunks/137q_next_dist_0ewclpe._.js:776
[  211361ms] [LOG] [Fast Refresh] done in 115ms @ http://localhost:3000/_next/static/chunks/137q_next_dist_0ewclpe._.js:776
[  211422ms] [LOG] [Fast Refresh] done in 115ms @ http://localhost:3000/_next/static/chunks/137q_next_dist_0ewclpe._.js:776
[  211484ms] [LOG] [Fast Refresh] done in 115ms @ http://localhost:3000/_next/static/chunks/137q_next_dist_0ewclpe._.js:776
[  211546ms] [LOG] [Fast Refresh] done in 115ms @ http://localhost:3000/_next/static/chunks/137q_next_dist_0ewclpe._.js:776
[  211608ms] [LOG] [Fast Refresh] done in 115ms @ http://localhost:3000/_next/static/chunks/137q_next_dist_0ewclpe._.js:776
[  211655ms] [LOG] [Fast Refresh] done in 115ms @ http://localhost:3000/_next/static/chunks/137q_next_dist_0ewclpe._.js:776
[  211703ms] [LOG] [Fast Refresh] done in 115ms @ http://localhost:3000/_next/static/chunks/137q_next_dist_0ewclpe._.js:776
[  211765ms] [LOG] [Fast Refresh] done in 115ms @ http://localhost:3000/_next/static/chunks/137q_next_dist_0ewclpe._.js:776
[  211827ms] [LOG] [Fast Refresh] done in 115ms @ http://localhost:3000/_next/static/chunks/137q_next_dist_0ewclpe._.js:776
[  211888ms] [LOG] [Fast Refresh] done in 115ms @ http://localhost:3000/_next/static/chunks/137q_next_dist_0ewclpe._.js:776
[  211950ms] [LOG] [Fast Refresh] done in 115ms @ http://localhost:3000/_next/static/chunks/137q_next_dist_0ewclpe._.js:776
[  211997ms] [LOG] [Fast Refresh] done in 115ms @ http://localhost:3000/_next/static/chunks/137q_next_dist_0ewclpe._.js:776
[  212044ms] [LOG] [Fast Refresh] done in 115ms @ http://localhost:3000/_next/static/chunks/137q_next_dist_0ewclpe._.js:776
[  212107ms] [LOG] [Fast Refresh] done in 115ms @ http://localhost:3000/_next/static/chunks/137q_next_dist_0ewclpe._.js:776
[  212168ms] [LOG] [Fast Refresh] done in 115ms @ http://localhost:3000/_next/static/chunks/137q_next_dist_0ewclpe._.js:776
[  212230ms] [LOG] [Fast Refresh] done in 115ms @ http://localhost:3000/_next/static/chunks/137q_next_dist_0ewclpe._.js:776
[  212293ms] [LOG] [Fast Refresh] done in 115ms @ http://localhost:3000/_next/static/chunks/137q_next_dist_0ewclpe._.js:776
[  212355ms] [LOG] [Fast Refresh] done in 115ms @ http://localhost:3000/_next/static/chunks/137q_next_dist_0ewclpe._.js:776
[  212418ms] [LOG] [Fast Refresh] done in 115ms @ http://localhost:3000/_next/static/chunks/137q_next_dist_0ewclpe._.js:776
[  212480ms] [LOG] [Fast Refresh] done in 115ms @ http://localhost:3000/_next/static/chunks/137q_next_dist_0ewclpe._.js:776
[  212543ms] [LOG] [Fast Refresh] done in 115ms @ http://localhost:3000/_next/static/chunks/137q_next_dist_0ewclpe._.js:776
[  212606ms] [LOG] [Fast Refresh] done in 115ms @ http://localhost:3000/_next/static/chunks/137q_next_dist_0ewclpe._.js:776
[  212668ms] [LOG] [Fast Refresh] done in 115ms @ http://localhost:3000/_next/static/chunks/137q_next_dist_0ewclpe._.js:776
[  212730ms] [LOG] [Fast Refresh] done in 115ms @ http://localhost:3000/_next/static/chunks/137q_next_dist_0ewclpe._.js:776
[  212792ms] [LOG] [Fast Refresh] done in 115ms @ http://localhost:3000/_next/static/chunks/137q_next_dist_0ewclpe._.js:776
[  212854ms] [LOG] [Fast Refresh] done in 115ms @ http://localhost:3000/_next/static/chunks/137q_next_dist_0ewclpe._.js:776
[  212917ms] [LOG] [Fast Refresh] done in 115ms @ http://localhost:3000/_next/static/chunks/137q_next_dist_0ewclpe._.js:776
[  212979ms] [LOG] [Fast Refresh] done in 115ms @ http://localhost:3000/_next/static/chunks/137q_next_dist_0ewclpe._.js:776
[  213041ms] [LOG] [Fast Refresh] done in 115ms @ http://localhost:3000/_next/static/chunks/137q_next_dist_0ewclpe._.js:776
[  213088ms] [LOG] [Fast Refresh] done in 115ms @ http://localhost:3000/_next/static/chunks/137q_next_dist_0ewclpe._.js:776
[  213136ms] [LOG] [Fast Refresh] done in 115ms @ http://localhost:3000/_next/static/chunks/137q_next_dist_0ewclpe._.js:776
[  213196ms] [LOG] [Fast Refresh] done in 115ms @ http://localhost:3000/_next/static/chunks/137q_next_dist_0ewclpe._.js:776
[  213259ms] [LOG] [Fast Refresh] done in 115ms @ http://localhost:3000/_next/static/chunks/137q_next_dist_0ewclpe._.js:776
[  213321ms] [LOG] [Fast Refresh] done in 115ms @ http://localhost:3000/_next/static/chunks/137q_next_dist_0ewclpe._.js:776
[  213383ms] [LOG] [Fast Refresh] done in 115ms @ http://localhost:3000/_next/static/chunks/137q_next_dist_0ewclpe._.js:776
[  213445ms] [LOG] [Fast Refresh] done in 115ms @ http://localhost:3000/_next/static/chunks/137q_next_dist_0ewclpe._.js:776
[  213493ms] [LOG] [Fast Refresh] done in 115ms @ http://localhost:3000/_next/static/chunks/137q_next_dist_0ewclpe._.js:776
[  213556ms] [LOG] [Fast Refresh] done in 115ms @ http://localhost:3000/_next/static/chunks/137q_next_dist_0ewclpe._.js:776
[  213618ms] [LOG] [Fast Refresh] done in 115ms @ http://localhost:3000/_next/static/chunks/137q_next_dist_0ewclpe._.js:776
[  213680ms] [LOG] [Fast Refresh] done in 115ms @ http://localhost:3000/_next/static/chunks/137q_next_dist_0ewclpe._.js:776
[  213742ms] [LOG] [Fast Refresh] done in 115ms @ http://localhost:3000/_next/static/chunks/137q_next_dist_0ewclpe._.js:776
[  213805ms] [LOG] [Fast Refresh] done in 115ms @ http://localhost:3000/_next/static/chunks/137q_next_dist_0ewclpe._.js:776
[  213866ms] [LOG] [Fast Refresh] done in 115ms @ http://localhost:3000/_next/static/chunks/137q_next_dist_0ewclpe._.js:776
[  213929ms] [LOG] [Fast Refresh] done in 115ms @ http://localhost:3000/_next/static/chunks/137q_next_dist_0ewclpe._.js:776
[  213991ms] [LOG] [Fast Refresh] done in 115ms @ http://localhost:3000/_next/static/chunks/137q_next_dist_0ewclpe._.js:776
[  214052ms] [LOG] [Fast Refresh] done in 115ms @ http://localhost:3000/_next/static/chunks/137q_next_dist_0ewclpe._.js:776
[  214114ms] [LOG] [Fast Refresh] done in 115ms @ http://localhost:3000/_next/static/chunks/137q_next_dist_0ewclpe._.js:776
[  214161ms] [LOG] [Fast Refresh] done in 115ms @ http://localhost:3000/_next/static/chunks/137q_next_dist_0ewclpe._.js:776
[  214224ms] [LOG] [Fast Refresh] done in 115ms @ http://localhost:3000/_next/static/chunks/137q_next_dist_0ewclpe._.js:776
[  214271ms] [LOG] [Fast Refresh] done in 115ms @ http://localhost:3000/_next/static/chunks/137q_next_dist_0ewclpe._.js:776
[  214334ms] [LOG] [Fast Refresh] done in 115ms @ http://localhost:3000/_next/static/chunks/137q_next_dist_0ewclpe._.js:776
[  214397ms] [LOG] [Fast Refresh] done in 115ms @ http://localhost:3000/_next/static/chunks/137q_next_dist_0ewclpe._.js:776
[  214458ms] [LOG] [Fast Refresh] done in 115ms @ http://localhost:3000/_next/static/chunks/137q_next_dist_0ewclpe._.js:776
[  214520ms] [LOG] [Fast Refresh] done in 115ms @ http://localhost:3000/_next/static/chunks/137q_next_dist_0ewclpe._.js:776
[  214582ms] [LOG] [Fast Refresh] done in 115ms @ http://localhost:3000/_next/static/chunks/137q_next_dist_0ewclpe._.js:776
[  214644ms] [LOG] [Fast Refresh] done in 115ms @ http://localhost:3000/_next/static/chunks/137q_next_dist_0ewclpe._.js:776
[  214707ms] [LOG] [Fast Refresh] done in 115ms @ http://localhost:3000/_next/static/chunks/137q_next_dist_0ewclpe._.js:776
[  214771ms] [LOG] [Fast Refresh] done in 115ms @ http://localhost:3000/_next/static/chunks/137q_next_dist_0ewclpe._.js:776
[  214833ms] [LOG] [Fast Refresh] done in 115ms @ http://localhost:3000/_next/static/chunks/137q_next_dist_0ewclpe._.js:776
[  214880ms] [LOG] [Fast Refresh] done in 115ms @ http://localhost:3000/_next/static/chunks/137q_next_dist_0ewclpe._.js:776
[  214943ms] [LOG] [Fast Refresh] done in 115ms @ http://localhost:3000/_next/static/chunks/137q_next_dist_0ewclpe._.js:776
[  215005ms] [LOG] [Fast Refresh] done in 115ms @ http://localhost:3000/_next/static/chunks/137q_next_dist_0ewclpe._.js:776
[  215067ms] [LOG] [Fast Refresh] done in 115ms @ http://localhost:3000/_next/static/chunks/137q_next_dist_0ewclpe._.js:776
[  215129ms] [LOG] [Fast Refresh] done in 115ms @ http://localhost:3000/_next/static/chunks/137q_next_dist_0ewclpe._.js:776
[  215191ms] [LOG] [Fast Refresh] done in 115ms @ http://localhost:3000/_next/static/chunks/137q_next_dist_0ewclpe._.js:776
[  215253ms] [LOG] [Fast Refresh] done in 115ms @ http://localhost:3000/_next/static/chunks/137q_next_dist_0ewclpe._.js:776
[  215299ms] [LOG] [Fast Refresh] done in 115ms @ http://localhost:3000/_next/static/chunks/137q_next_dist_0ewclpe._.js:776
[  215361ms] [LOG] [Fast Refresh] done in 115ms @ http://localhost:3000/_next/static/chunks/137q_next_dist_0ewclpe._.js:776
[  215423ms] [LOG] [Fast Refresh] done in 115ms @ http://localhost:3000/_next/static/chunks/137q_next_dist_0ewclpe._.js:776
[  215487ms] [LOG] [Fast Refresh] done in 115ms @ http://localhost:3000/_next/static/chunks/137q_next_dist_0ewclpe._.js:776
[  215548ms] [LOG] [Fast Refresh] done in 115ms @ http://localhost:3000/_next/static/chunks/137q_next_dist_0ewclpe._.js:776
[  215610ms] [LOG] [Fast Refresh] done in 115ms @ http://localhost:3000/_next/static/chunks/137q_next_dist_0ewclpe._.js:776
[  215672ms] [LOG] [Fast Refresh] done in 115ms @ http://localhost:3000/_next/static/chunks/137q_next_dist_0ewclpe._.js:776
[  215734ms] [LOG] [Fast Refresh] done in 115ms @ http://localhost:3000/_next/static/chunks/137q_next_dist_0ewclpe._.js:776
[  215795ms] [LOG] [Fast Refresh] done in 115ms @ http://localhost:3000/_next/static/chunks/137q_next_dist_0ewclpe._.js:776
[  215843ms] [LOG] [Fast Refresh] done in 115ms @ http://localhost:3000/_next/static/chunks/137q_next_dist_0ewclpe._.js:776
[  215906ms] [LOG] [Fast Refresh] done in 115ms @ http://localhost:3000/_next/static/chunks/137q_next_dist_0ewclpe._.js:776
[  215967ms] [LOG] [Fast Refresh] done in 115ms @ http://localhost:3000/_next/static/chunks/137q_next_dist_0ewclpe._.js:776
[  216014ms] [LOG] [Fast Refresh] done in 115ms @ http://localhost:3000/_next/static/chunks/137q_next_dist_0ewclpe._.js:776
[  216075ms] [LOG] [Fast Refresh] done in 115ms @ http://localhost:3000/_next/static/chunks/137q_next_dist_0ewclpe._.js:776
[  216137ms] [LOG] [Fast Refresh] done in 115ms @ http://localhost:3000/_next/static/chunks/137q_next_dist_0ewclpe._.js:776
[  216185ms] [LOG] [Fast Refresh] done in 115ms @ http://localhost:3000/_next/static/chunks/137q_next_dist_0ewclpe._.js:776
[  216273ms] [LOG] [Fast Refresh] done in 115ms @ http://localhost:3000/_next/static/chunks/137q_next_dist_0ewclpe._.js:776
[  216312ms] [LOG] [Fast Refresh] done in 115ms @ http://localhost:3000/_next/static/chunks/137q_next_dist_0ewclpe._.js:776
[  216375ms] [LOG] [Fast Refresh] done in 115ms @ http://localhost:3000/_next/static/chunks/137q_next_dist_0ewclpe._.js:776
[  216437ms] [LOG] [Fast Refresh] done in 115ms @ http://localhost:3000/_next/static/chunks/137q_next_dist_0ewclpe._.js:776
[  216499ms] [LOG] [Fast Refresh] done in 115ms @ http://localhost:3000/_next/static/chunks/137q_next_dist_0ewclpe._.js:776
[  216546ms] [LOG] [Fast Refresh] done in 115ms @ http://localhost:3000/_next/static/chunks/137q_next_dist_0ewclpe._.js:776
[  216608ms] [LOG] [Fast Refresh] done in 115ms @ http://localhost:3000/_next/static/chunks/137q_next_dist_0ewclpe._.js:776
[  216670ms] [LOG] [Fast Refresh] done in 115ms @ http://localhost:3000/_next/static/chunks/137q_next_dist_0ewclpe._.js:776
[  216717ms] [LOG] [Fast Refresh] done in 115ms @ http://localhost:3000/_next/static/chunks/137q_next_dist_0ewclpe._.js:776
[  216778ms] [LOG] [Fast Refresh] done in 115ms @ http://localhost:3000/_next/static/chunks/137q_next_dist_0ewclpe._.js:776
[  216826ms] [LOG] [Fast Refresh] done in 115ms @ http://localhost:3000/_next/static/chunks/137q_next_dist_0ewclpe._.js:776
[  216889ms] [LOG] [Fast Refresh] done in 115ms @ http://localhost:3000/_next/static/chunks/137q_next_dist_0ewclpe._.js:776
[  216950ms] [LOG] [Fast Refresh] done in 115ms @ http://localhost:3000/_next/static/chunks/137q_next_dist_0ewclpe._.js:776
[  217013ms] [LOG] [Fast Refresh] done in 115ms @ http://localhost:3000/_next/static/chunks/137q_next_dist_0ewclpe._.js:776
[  217060ms] [LOG] [Fast Refresh] done in 115ms @ http://localhost:3000/_next/static/chunks/137q_next_dist_0ewclpe._.js:776
[  217122ms] [LOG] [Fast Refresh] done in 115ms @ http://localhost:3000/_next/static/chunks/137q_next_dist_0ewclpe._.js:776
[  217186ms] [LOG] [Fast Refresh] done in 115ms @ http://localhost:3000/_next/static/chunks/137q_next_dist_0ewclpe._.js:776
[  217234ms] [LOG] [Fast Refresh] done in 115ms @ http://localhost:3000/_next/static/chunks/137q_next_dist_0ewclpe._.js:776
[  217295ms] [LOG] [Fast Refresh] done in 115ms @ http://localhost:3000/_next/static/chunks/137q_next_dist_0ewclpe._.js:776
[  217357ms] [LOG] [Fast Refresh] done in 115ms @ http://localhost:3000/_next/static/chunks/137q_next_dist_0ewclpe._.js:776
[  217419ms] [LOG] [Fast Refresh] done in 115ms @ http://localhost:3000/_next/static/chunks/137q_next_dist_0ewclpe._.js:776
[  217484ms] [LOG] [Fast Refresh] done in 115ms @ http://localhost:3000/_next/static/chunks/137q_next_dist_0ewclpe._.js:776
[  217545ms] [LOG] [Fast Refresh] done in 115ms @ http://localhost:3000/_next/static/chunks/137q_next_dist_0ewclpe._.js:776
[  217607ms] [LOG] [Fast Refresh] done in 115ms @ http://localhost:3000/_next/static/chunks/137q_next_dist_0ewclpe._.js:776
[  217670ms] [LOG] [Fast Refresh] done in 115ms @ http://localhost:3000/_next/static/chunks/137q_next_dist_0ewclpe._.js:776
[  217731ms] [LOG] [Fast Refresh] done in 115ms @ http://localhost:3000/_next/static/chunks/137q_next_dist_0ewclpe._.js:776
[  217795ms] [LOG] [Fast Refresh] done in 115ms @ http://localhost:3000/_next/static/chunks/137q_next_dist_0ewclpe._.js:776
[  217857ms] [LOG] [Fast Refresh] done in 115ms @ http://localhost:3000/_next/static/chunks/137q_next_dist_0ewclpe._.js:776
[  217906ms] [LOG] [Fast Refresh] done in 115ms @ http://localhost:3000/_next/static/chunks/137q_next_dist_0ewclpe._.js:776
[  217952ms] [LOG] [Fast Refresh] done in 115ms @ http://localhost:3000/_next/static/chunks/137q_next_dist_0ewclpe._.js:776
[  218014ms] [LOG] [Fast Refresh] done in 115ms @ http://localhost:3000/_next/static/chunks/137q_next_dist_0ewclpe._.js:776
[  218077ms] [LOG] [Fast Refresh] done in 115ms @ http://localhost:3000/_next/static/chunks/137q_next_dist_0ewclpe._.js:776
[  218138ms] [LOG] [Fast Refresh] done in 115ms @ http://localhost:3000/_next/static/chunks/137q_next_dist_0ewclpe._.js:776
[  218185ms] [LOG] [Fast Refresh] done in 115ms @ http://localhost:3000/_next/static/chunks/137q_next_dist_0ewclpe._.js:776
[  218248ms] [LOG] [Fast Refresh] done in 115ms @ http://localhost:3000/_next/static/chunks/137q_next_dist_0ewclpe._.js:776
[  218311ms] [LOG] [Fast Refresh] done in 115ms @ http://localhost:3000/_next/static/chunks/137q_next_dist_0ewclpe._.js:776
[  218374ms] [LOG] [Fast Refresh] done in 115ms @ http://localhost:3000/_next/static/chunks/137q_next_dist_0ewclpe._.js:776
[  218420ms] [LOG] [Fast Refresh] done in 115ms @ http://localhost:3000/_next/static/chunks/137q_next_dist_0ewclpe._.js:776
[  218467ms] [LOG] [Fast Refresh] done in 115ms @ http://localhost:3000/_next/static/chunks/137q_next_dist_0ewclpe._.js:776
[  218529ms] [LOG] [Fast Refresh] done in 115ms @ http://localhost:3000/_next/static/chunks/137q_next_dist_0ewclpe._.js:776
[  218591ms] [LOG] [Fast Refresh] done in 115ms @ http://localhost:3000/_next/static/chunks/137q_next_dist_0ewclpe._.js:776
[  218652ms] [LOG] [Fast Refresh] done in 115ms @ http://localhost:3000/_next/static/chunks/137q_next_dist_0ewclpe._.js:776
[  218713ms] [LOG] [Fast Refresh] done in 115ms @ http://localhost:3000/_next/static/chunks/137q_next_dist_0ewclpe._.js:776
[  218775ms] [LOG] [Fast Refresh] done in 115ms @ http://localhost:3000/_next/static/chunks/137q_next_dist_0ewclpe._.js:776
[  218824ms] [LOG] [Fast Refresh] done in 115ms @ http://localhost:3000/_next/static/chunks/137q_next_dist_0ewclpe._.js:776
[  218887ms] [LOG] [Fast Refresh] done in 115ms @ http://localhost:3000/_next/static/chunks/137q_next_dist_0ewclpe._.js:776
[  218949ms] [LOG] [Fast Refresh] done in 115ms @ http://localhost:3000/_next/static/chunks/137q_next_dist_0ewclpe._.js:776
[  219011ms] [LOG] [Fast Refresh] done in 115ms @ http://localhost:3000/_next/static/chunks/137q_next_dist_0ewclpe._.js:776
[  219072ms] [LOG] [Fast Refresh] done in 115ms @ http://localhost:3000/_next/static/chunks/137q_next_dist_0ewclpe._.js:776
[  219119ms] [LOG] [Fast Refresh] done in 115ms @ http://localhost:3000/_next/static/chunks/137q_next_dist_0ewclpe._.js:776
[  219182ms] [LOG] [Fast Refresh] done in 115ms @ http://localhost:3000/_next/static/chunks/137q_next_dist_0ewclpe._.js:776
[  219246ms] [LOG] [Fast Refresh] done in 115ms @ http://localhost:3000/_next/static/chunks/137q_next_dist_0ewclpe._.js:776
[  219293ms] [LOG] [Fast Refresh] done in 115ms @ http://localhost:3000/_next/static/chunks/137q_next_dist_0ewclpe._.js:776
[  219341ms] [LOG] [Fast Refresh] done in 115ms @ http://localhost:3000/_next/static/chunks/137q_next_dist_0ewclpe._.js:776
[  219388ms] [LOG] [Fast Refresh] done in 115ms @ http://localhost:3000/_next/static/chunks/137q_next_dist_0ewclpe._.js:776
[  219450ms] [LOG] [Fast Refresh] done in 115ms @ http://localhost:3000/_next/static/chunks/137q_next_dist_0ewclpe._.js:776
[  219513ms] [LOG] [Fast Refresh] done in 115ms @ http://localhost:3000/_next/static/chunks/137q_next_dist_0ewclpe._.js:776
[  219574ms] [LOG] [Fast Refresh] done in 115ms @ http://localhost:3000/_next/static/chunks/137q_next_dist_0ewclpe._.js:776
[  219635ms] [LOG] [Fast Refresh] done in 115ms @ http://localhost:3000/_next/static/chunks/137q_next_dist_0ewclpe._.js:776
[  219697ms] [LOG] [Fast Refresh] done in 115ms @ http://localhost:3000/_next/static/chunks/137q_next_dist_0ewclpe._.js:776
[  219758ms] [LOG] [Fast Refresh] done in 115ms @ http://localhost:3000/_next/static/chunks/137q_next_dist_0ewclpe._.js:776
[  219805ms] [LOG] [Fast Refresh] done in 115ms @ http://localhost:3000/_next/static/chunks/137q_next_dist_0ewclpe._.js:776
[  219853ms] [LOG] [Fast Refresh] done in 115ms @ http://localhost:3000/_next/static/chunks/137q_next_dist_0ewclpe._.js:776
[  219916ms] [LOG] [Fast Refresh] done in 115ms @ http://localhost:3000/_next/static/chunks/137q_next_dist_0ewclpe._.js:776
[  219977ms] [LOG] [Fast Refresh] done in 115ms @ http://localhost:3000/_next/static/chunks/137q_next_dist_0ewclpe._.js:776
[  220025ms] [LOG] [Fast Refresh] done in 115ms @ http://localhost:3000/_next/static/chunks/137q_next_dist_0ewclpe._.js:776
[  220088ms] [LOG] [Fast Refresh] done in 115ms @ http://localhost:3000/_next/static/chunks/137q_next_dist_0ewclpe._.js:776
[  220151ms] [LOG] [Fast Refresh] done in 115ms @ http://localhost:3000/_next/static/chunks/137q_next_dist_0ewclpe._.js:776
[  220212ms] [LOG] [Fast Refresh] done in 115ms @ http://localhost:3000/_next/static/chunks/137q_next_dist_0ewclpe._.js:776
[  220274ms] [LOG] [Fast Refresh] done in 115ms @ http://localhost:3000/_next/static/chunks/137q_next_dist_0ewclpe._.js:776
[  220335ms] [LOG] [Fast Refresh] done in 115ms @ http://localhost:3000/_next/static/chunks/137q_next_dist_0ewclpe._.js:776
[  220397ms] [LOG] [Fast Refresh] done in 115ms @ http://localhost:3000/_next/static/chunks/137q_next_dist_0ewclpe._.js:776
[  220461ms] [LOG] [Fast Refresh] done in 115ms @ http://localhost:3000/_next/static/chunks/137q_next_dist_0ewclpe._.js:776
[  220507ms] [LOG] [Fast Refresh] done in 115ms @ http://localhost:3000/_next/static/chunks/137q_next_dist_0ewclpe._.js:776
[  220554ms] [LOG] [Fast Refresh] done in 115ms @ http://localhost:3000/_next/static/chunks/137q_next_dist_0ewclpe._.js:776
[  220616ms] [LOG] [Fast Refresh] done in 115ms @ http://localhost:3000/_next/static/chunks/137q_next_dist_0ewclpe._.js:776
[  220679ms] [LOG] [Fast Refresh] done in 115ms @ http://localhost:3000/_next/static/chunks/137q_next_dist_0ewclpe._.js:776
[  220726ms] [LOG] [Fast Refresh] done in 115ms @ http://localhost:3000/_next/static/chunks/137q_next_dist_0ewclpe._.js:776
[  220789ms] [LOG] [Fast Refresh] done in 115ms @ http://localhost:3000/_next/static/chunks/137q_next_dist_0ewclpe._.js:776
[  220836ms] [LOG] [Fast Refresh] done in 115ms @ http://localhost:3000/_next/static/chunks/137q_next_dist_0ewclpe._.js:776
[  220884ms] [LOG] [Fast Refresh] done in 115ms @ http://localhost:3000/_next/static/chunks/137q_next_dist_0ewclpe._.js:776
[  220946ms] [LOG] [Fast Refresh] done in 115ms @ http://localhost:3000/_next/static/chunks/137q_next_dist_0ewclpe._.js:776
[  221008ms] [LOG] [Fast Refresh] done in 115ms @ http://localhost:3000/_next/static/chunks/137q_next_dist_0ewclpe._.js:776
[  221055ms] [LOG] [Fast Refresh] done in 115ms @ http://localhost:3000/_next/static/chunks/137q_next_dist_0ewclpe._.js:776
[  221118ms] [LOG] [Fast Refresh] done in 115ms @ http://localhost:3000/_next/static/chunks/137q_next_dist_0ewclpe._.js:776
[  221179ms] [LOG] [Fast Refresh] done in 115ms @ http://localhost:3000/_next/static/chunks/137q_next_dist_0ewclpe._.js:776
[  221241ms] [LOG] [Fast Refresh] done in 115ms @ http://localhost:3000/_next/static/chunks/137q_next_dist_0ewclpe._.js:776
[  221304ms] [LOG] [Fast Refresh] done in 115ms @ http://localhost:3000/_next/static/chunks/137q_next_dist_0ewclpe._.js:776
[  221366ms] [LOG] [Fast Refresh] done in 115ms @ http://localhost:3000/_next/static/chunks/137q_next_dist_0ewclpe._.js:776
[  221428ms] [LOG] [Fast Refresh] done in 115ms @ http://localhost:3000/_next/static/chunks/137q_next_dist_0ewclpe._.js:776
[  221490ms] [LOG] [Fast Refresh] done in 115ms @ http://localhost:3000/_next/static/chunks/137q_next_dist_0ewclpe._.js:776
[  221537ms] [LOG] [Fast Refresh] done in 115ms @ http://localhost:3000/_next/static/chunks/137q_next_dist_0ewclpe._.js:776
[  221600ms] [LOG] [Fast Refresh] done in 115ms @ http://localhost:3000/_next/static/chunks/137q_next_dist_0ewclpe._.js:776
[  221663ms] [LOG] [Fast Refresh] done in 115ms @ http://localhost:3000/_next/static/chunks/137q_next_dist_0ewclpe._.js:776
[  221725ms] [LOG] [Fast Refresh] done in 115ms @ http://localhost:3000/_next/static/chunks/137q_next_dist_0ewclpe._.js:776
[  221786ms] [LOG] [Fast Refresh] done in 115ms @ http://localhost:3000/_next/static/chunks/137q_next_dist_0ewclpe._.js:776
[  221833ms] [LOG] [Fast Refresh] done in 115ms @ http://localhost:3000/_next/static/chunks/137q_next_dist_0ewclpe._.js:776
[  221896ms] [LOG] [Fast Refresh] done in 115ms @ http://localhost:3000/_next/static/chunks/137q_next_dist_0ewclpe._.js:776
[  221957ms] [LOG] [Fast Refresh] done in 115ms @ http://localhost:3000/_next/static/chunks/137q_next_dist_0ewclpe._.js:776
[  222019ms] [LOG] [Fast Refresh] done in 115ms @ http://localhost:3000/_next/static/chunks/137q_next_dist_0ewclpe._.js:776
[  222081ms] [LOG] [Fast Refresh] done in 115ms @ http://localhost:3000/_next/static/chunks/137q_next_dist_0ewclpe._.js:776
[  222144ms] [LOG] [Fast Refresh] done in 115ms @ http://localhost:3000/_next/static/chunks/137q_next_dist_0ewclpe._.js:776
[  222206ms] [LOG] [Fast Refresh] done in 115ms @ http://localhost:3000/_next/static/chunks/137q_next_dist_0ewclpe._.js:776
[  222268ms] [LOG] [Fast Refresh] done in 115ms @ http://localhost:3000/_next/static/chunks/137q_next_dist_0ewclpe._.js:776
[  222330ms] [LOG] [Fast Refresh] done in 115ms @ http://localhost:3000/_next/static/chunks/137q_next_dist_0ewclpe._.js:776
[  222392ms] [LOG] [Fast Refresh] done in 115ms @ http://localhost:3000/_next/static/chunks/137q_next_dist_0ewclpe._.js:776
[  222455ms] [LOG] [Fast Refresh] done in 115ms @ http://localhost:3000/_next/static/chunks/137q_next_dist_0ewclpe._.js:776
[  222516ms] [LOG] [Fast Refresh] done in 115ms @ http://localhost:3000/_next/static/chunks/137q_next_dist_0ewclpe._.js:776
[  222578ms] [LOG] [Fast Refresh] done in 115ms @ http://localhost:3000/_next/static/chunks/137q_next_dist_0ewclpe._.js:776
[  222626ms] [LOG] [Fast Refresh] done in 115ms @ http://localhost:3000/_next/static/chunks/137q_next_dist_0ewclpe._.js:776
[  222687ms] [LOG] [Fast Refresh] done in 115ms @ http://localhost:3000/_next/static/chunks/137q_next_dist_0ewclpe._.js:776
[  222749ms] [LOG] [Fast Refresh] done in 115ms @ http://localhost:3000/_next/static/chunks/137q_next_dist_0ewclpe._.js:776
[  222810ms] [LOG] [Fast Refresh] done in 115ms @ http://localhost:3000/_next/static/chunks/137q_next_dist_0ewclpe._.js:776
[  222873ms] [LOG] [Fast Refresh] done in 115ms @ http://localhost:3000/_next/static/chunks/137q_next_dist_0ewclpe._.js:776
[  222934ms] [LOG] [Fast Refresh] done in 115ms @ http://localhost:3000/_next/static/chunks/137q_next_dist_0ewclpe._.js:776
[  222996ms] [LOG] [Fast Refresh] done in 115ms @ http://localhost:3000/_next/static/chunks/137q_next_dist_0ewclpe._.js:776
[  223044ms] [LOG] [Fast Refresh] done in 115ms @ http://localhost:3000/_next/static/chunks/137q_next_dist_0ewclpe._.js:776
[  223106ms] [LOG] [Fast Refresh] done in 115ms @ http://localhost:3000/_next/static/chunks/137q_next_dist_0ewclpe._.js:776
[  223168ms] [LOG] [Fast Refresh] done in 115ms @ http://localhost:3000/_next/static/chunks/137q_next_dist_0ewclpe._.js:776
[  223215ms] [LOG] [Fast Refresh] done in 115ms @ http://localhost:3000/_next/static/chunks/137q_next_dist_0ewclpe._.js:776
[  223277ms] [LOG] [Fast Refresh] done in 115ms @ http://localhost:3000/_next/static/chunks/137q_next_dist_0ewclpe._.js:776
[  223324ms] [LOG] [Fast Refresh] done in 115ms @ http://localhost:3000/_next/static/chunks/137q_next_dist_0ewclpe._.js:776
[  223386ms] [LOG] [Fast Refresh] done in 115ms @ http://localhost:3000/_next/static/chunks/137q_next_dist_0ewclpe._.js:776
[  223433ms] [LOG] [Fast Refresh] done in 115ms @ http://localhost:3000/_next/static/chunks/137q_next_dist_0ewclpe._.js:776
[  223482ms] [LOG] [Fast Refresh] done in 115ms @ http://localhost:3000/_next/static/chunks/137q_next_dist_0ewclpe._.js:776
[  223544ms] [LOG] [Fast Refresh] done in 115ms @ http://localhost:3000/_next/static/chunks/137q_next_dist_0ewclpe._.js:776
[  223607ms] [LOG] [Fast Refresh] done in 115ms @ http://localhost:3000/_next/static/chunks/137q_next_dist_0ewclpe._.js:776
[  223668ms] [LOG] [Fast Refresh] done in 115ms @ http://localhost:3000/_next/static/chunks/137q_next_dist_0ewclpe._.js:776
[  223731ms] [LOG] [Fast Refresh] done in 115ms @ http://localhost:3000/_next/static/chunks/137q_next_dist_0ewclpe._.js:776
[  223793ms] [LOG] [Fast Refresh] done in 115ms @ http://localhost:3000/_next/static/chunks/137q_next_dist_0ewclpe._.js:776
[  223842ms] [LOG] [Fast Refresh] done in 115ms @ http://localhost:3000/_next/static/chunks/137q_next_dist_0ewclpe._.js:776
[  223904ms] [LOG] [Fast Refresh] done in 115ms @ http://localhost:3000/_next/static/chunks/137q_next_dist_0ewclpe._.js:776
[  223966ms] [LOG] [Fast Refresh] done in 115ms @ http://localhost:3000/_next/static/chunks/137q_next_dist_0ewclpe._.js:776
[  224029ms] [LOG] [Fast Refresh] done in 115ms @ http://localhost:3000/_next/static/chunks/137q_next_dist_0ewclpe._.js:776
[  224092ms] [LOG] [Fast Refresh] done in 115ms @ http://localhost:3000/_next/static/chunks/137q_next_dist_0ewclpe._.js:776
[  224154ms] [LOG] [Fast Refresh] done in 115ms @ http://localhost:3000/_next/static/chunks/137q_next_dist_0ewclpe._.js:776
[  224216ms] [LOG] [Fast Refresh] done in 115ms @ http://localhost:3000/_next/static/chunks/137q_next_dist_0ewclpe._.js:776
[  224278ms] [LOG] [Fast Refresh] done in 115ms @ http://localhost:3000/_next/static/chunks/137q_next_dist_0ewclpe._.js:776
[  224341ms] [LOG] [Fast Refresh] done in 115ms @ http://localhost:3000/_next/static/chunks/137q_next_dist_0ewclpe._.js:776
[  224403ms] [LOG] [Fast Refresh] done in 115ms @ http://localhost:3000/_next/static/chunks/137q_next_dist_0ewclpe._.js:776
[  224466ms] [LOG] [Fast Refresh] done in 115ms @ http://localhost:3000/_next/static/chunks/137q_next_dist_0ewclpe._.js:776
[  224528ms] [LOG] [Fast Refresh] done in 115ms @ http://localhost:3000/_next/static/chunks/137q_next_dist_0ewclpe._.js:776
[  224576ms] [LOG] [Fast Refresh] done in 115ms @ http://localhost:3000/_next/static/chunks/137q_next_dist_0ewclpe._.js:776
[  224637ms] [LOG] [Fast Refresh] done in 115ms @ http://localhost:3000/_next/static/chunks/137q_next_dist_0ewclpe._.js:776
[  224685ms] [LOG] [Fast Refresh] done in 115ms @ http://localhost:3000/_next/static/chunks/137q_next_dist_0ewclpe._.js:776
[  224748ms] [LOG] [Fast Refresh] done in 115ms @ http://localhost:3000/_next/static/chunks/137q_next_dist_0ewclpe._.js:776
[  224810ms] [LOG] [Fast Refresh] done in 115ms @ http://localhost:3000/_next/static/chunks/137q_next_dist_0ewclpe._.js:776
[  224873ms] [LOG] [Fast Refresh] done in 115ms @ http://localhost:3000/_next/static/chunks/137q_next_dist_0ewclpe._.js:776
[  224935ms] [LOG] [Fast Refresh] done in 115ms @ http://localhost:3000/_next/static/chunks/137q_next_dist_0ewclpe._.js:776
[  224997ms] [LOG] [Fast Refresh] done in 115ms @ http://localhost:3000/_next/static/chunks/137q_next_dist_0ewclpe._.js:776
[  225060ms] [LOG] [Fast Refresh] done in 115ms @ http://localhost:3000/_next/static/chunks/137q_next_dist_0ewclpe._.js:776
[  225123ms] [LOG] [Fast Refresh] done in 115ms @ http://localhost:3000/_next/static/chunks/137q_next_dist_0ewclpe._.js:776
[  225184ms] [LOG] [Fast Refresh] done in 115ms @ http://localhost:3000/_next/static/chunks/137q_next_dist_0ewclpe._.js:776
[  225245ms] [LOG] [Fast Refresh] done in 115ms @ http://localhost:3000/_next/static/chunks/137q_next_dist_0ewclpe._.js:776
[  225293ms] [LOG] [Fast Refresh] done in 115ms @ http://localhost:3000/_next/static/chunks/137q_next_dist_0ewclpe._.js:776
[  225354ms] [LOG] [Fast Refresh] done in 115ms @ http://localhost:3000/_next/static/chunks/137q_next_dist_0ewclpe._.js:776
[  225416ms] [LOG] [Fast Refresh] done in 115ms @ http://localhost:3000/_next/static/chunks/137q_next_dist_0ewclpe._.js:776
[  225479ms] [LOG] [Fast Refresh] done in 115ms @ http://localhost:3000/_next/static/chunks/137q_next_dist_0ewclpe._.js:776
[  225541ms] [LOG] [Fast Refresh] done in 115ms @ http://localhost:3000/_next/static/chunks/137q_next_dist_0ewclpe._.js:776
[  225602ms] [LOG] [Fast Refresh] done in 115ms @ http://localhost:3000/_next/static/chunks/137q_next_dist_0ewclpe._.js:776
[  225664ms] [LOG] [Fast Refresh] done in 115ms @ http://localhost:3000/_next/static/chunks/137q_next_dist_0ewclpe._.js:776
[  225727ms] [LOG] [Fast Refresh] done in 115ms @ http://localhost:3000/_next/static/chunks/137q_next_dist_0ewclpe._.js:776
[  225775ms] [LOG] [Fast Refresh] done in 115ms @ http://localhost:3000/_next/static/chunks/137q_next_dist_0ewclpe._.js:776
[  225837ms] [LOG] [Fast Refresh] done in 115ms @ http://localhost:3000/_next/static/chunks/137q_next_dist_0ewclpe._.js:776
[  225884ms] [LOG] [Fast Refresh] done in 115ms @ http://localhost:3000/_next/static/chunks/137q_next_dist_0ewclpe._.js:776
[  225947ms] [LOG] [Fast Refresh] done in 115ms @ http://localhost:3000/_next/static/chunks/137q_next_dist_0ewclpe._.js:776
[  226010ms] [LOG] [Fast Refresh] done in 115ms @ http://localhost:3000/_next/static/chunks/137q_next_dist_0ewclpe._.js:776
[  226071ms] [LOG] [Fast Refresh] done in 115ms @ http://localhost:3000/_next/static/chunks/137q_next_dist_0ewclpe._.js:776
[  226132ms] [LOG] [Fast Refresh] done in 115ms @ http://localhost:3000/_next/static/chunks/137q_next_dist_0ewclpe._.js:776
[  226195ms] [LOG] [Fast Refresh] done in 115ms @ http://localhost:3000/_next/static/chunks/137q_next_dist_0ewclpe._.js:776
[  226257ms] [LOG] [Fast Refresh] done in 115ms @ http://localhost:3000/_next/static/chunks/137q_next_dist_0ewclpe._.js:776
[  226304ms] [LOG] [Fast Refresh] done in 115ms @ http://localhost:3000/_next/static/chunks/137q_next_dist_0ewclpe._.js:776
[  226367ms] [LOG] [Fast Refresh] done in 115ms @ http://localhost:3000/_next/static/chunks/137q_next_dist_0ewclpe._.js:776
[  226429ms] [LOG] [Fast Refresh] done in 115ms @ http://localhost:3000/_next/static/chunks/137q_next_dist_0ewclpe._.js:776
[  226491ms] [LOG] [Fast Refresh] done in 115ms @ http://localhost:3000/_next/static/chunks/137q_next_dist_0ewclpe._.js:776
[  226553ms] [LOG] [Fast Refresh] done in 115ms @ http://localhost:3000/_next/static/chunks/137q_next_dist_0ewclpe._.js:776
[  226615ms] [LOG] [Fast Refresh] done in 115ms @ http://localhost:3000/_next/static/chunks/137q_next_dist_0ewclpe._.js:776
[  226678ms] [LOG] [Fast Refresh] done in 115ms @ http://localhost:3000/_next/static/chunks/137q_next_dist_0ewclpe._.js:776
[  226740ms] [LOG] [Fast Refresh] done in 115ms @ http://localhost:3000/_next/static/chunks/137q_next_dist_0ewclpe._.js:776
[  226803ms] [LOG] [Fast Refresh] done in 115ms @ http://localhost:3000/_next/static/chunks/137q_next_dist_0ewclpe._.js:776
[  226850ms] [LOG] [Fast Refresh] done in 115ms @ http://localhost:3000/_next/static/chunks/137q_next_dist_0ewclpe._.js:776
[  226913ms] [LOG] [Fast Refresh] done in 115ms @ http://localhost:3000/_next/static/chunks/137q_next_dist_0ewclpe._.js:776
[  226975ms] [LOG] [Fast Refresh] done in 115ms @ http://localhost:3000/_next/static/chunks/137q_next_dist_0ewclpe._.js:776
[  227037ms] [LOG] [Fast Refresh] done in 115ms @ http://localhost:3000/_next/static/chunks/137q_next_dist_0ewclpe._.js:776
[  227085ms] [LOG] [Fast Refresh] done in 115ms @ http://localhost:3000/_next/static/chunks/137q_next_dist_0ewclpe._.js:776
[  227148ms] [LOG] [Fast Refresh] done in 115ms @ http://localhost:3000/_next/static/chunks/137q_next_dist_0ewclpe._.js:776
[  227210ms] [LOG] [Fast Refresh] done in 115ms @ http://localhost:3000/_next/static/chunks/137q_next_dist_0ewclpe._.js:776
[  227273ms] [LOG] [Fast Refresh] done in 115ms @ http://localhost:3000/_next/static/chunks/137q_next_dist_0ewclpe._.js:776
[  227319ms] [LOG] [Fast Refresh] done in 115ms @ http://localhost:3000/_next/static/chunks/137q_next_dist_0ewclpe._.js:776
[  227381ms] [LOG] [Fast Refresh] done in 115ms @ http://localhost:3000/_next/static/chunks/137q_next_dist_0ewclpe._.js:776
[  227444ms] [LOG] [Fast Refresh] done in 115ms @ http://localhost:3000/_next/static/chunks/137q_next_dist_0ewclpe._.js:776
[  227492ms] [LOG] [Fast Refresh] done in 115ms @ http://localhost:3000/_next/static/chunks/137q_next_dist_0ewclpe._.js:776
[  227555ms] [LOG] [Fast Refresh] done in 115ms @ http://localhost:3000/_next/static/chunks/137q_next_dist_0ewclpe._.js:776
[  227617ms] [LOG] [Fast Refresh] done in 115ms @ http://localhost:3000/_next/static/chunks/137q_next_dist_0ewclpe._.js:776
[  227679ms] [LOG] [Fast Refresh] done in 115ms @ http://localhost:3000/_next/static/chunks/137q_next_dist_0ewclpe._.js:776
[  227742ms] [LOG] [Fast Refresh] done in 115ms @ http://localhost:3000/_next/static/chunks/137q_next_dist_0ewclpe._.js:776
[  227804ms] [LOG] [Fast Refresh] done in 115ms @ http://localhost:3000/_next/static/chunks/137q_next_dist_0ewclpe._.js:776
[  227851ms] [LOG] [Fast Refresh] done in 115ms @ http://localhost:3000/_next/static/chunks/137q_next_dist_0ewclpe._.js:776
[  227899ms] [LOG] [Fast Refresh] done in 115ms @ http://localhost:3000/_next/static/chunks/137q_next_dist_0ewclpe._.js:776
[  227962ms] [LOG] [Fast Refresh] done in 115ms @ http://localhost:3000/_next/static/chunks/137q_next_dist_0ewclpe._.js:776
[  228025ms] [LOG] [Fast Refresh] done in 115ms @ http://localhost:3000/_next/static/chunks/137q_next_dist_0ewclpe._.js:776
[  228072ms] [LOG] [Fast Refresh] done in 115ms @ http://localhost:3000/_next/static/chunks/137q_next_dist_0ewclpe._.js:776
[  228119ms] [LOG] [Fast Refresh] done in 115ms @ http://localhost:3000/_next/static/chunks/137q_next_dist_0ewclpe._.js:776
[  228180ms] [LOG] [Fast Refresh] done in 115ms @ http://localhost:3000/_next/static/chunks/137q_next_dist_0ewclpe._.js:776
[  228243ms] [LOG] [Fast Refresh] done in 115ms @ http://localhost:3000/_next/static/chunks/137q_next_dist_0ewclpe._.js:776
[  228305ms] [LOG] [Fast Refresh] done in 115ms @ http://localhost:3000/_next/static/chunks/137q_next_dist_0ewclpe._.js:776
[  228367ms] [LOG] [Fast Refresh] done in 115ms @ http://localhost:3000/_next/static/chunks/137q_next_dist_0ewclpe._.js:776
[  228414ms] [LOG] [Fast Refresh] done in 115ms @ http://localhost:3000/_next/static/chunks/137q_next_dist_0ewclpe._.js:776
[  228476ms] [LOG] [Fast Refresh] done in 115ms @ http://localhost:3000/_next/static/chunks/137q_next_dist_0ewclpe._.js:776
[  228539ms] [LOG] [Fast Refresh] done in 115ms @ http://localhost:3000/_next/static/chunks/137q_next_dist_0ewclpe._.js:776
[  228601ms] [LOG] [Fast Refresh] done in 115ms @ http://localhost:3000/_next/static/chunks/137q_next_dist_0ewclpe._.js:776
[  228664ms] [LOG] [Fast Refresh] done in 115ms @ http://localhost:3000/_next/static/chunks/137q_next_dist_0ewclpe._.js:776
[  228727ms] [LOG] [Fast Refresh] done in 115ms @ http://localhost:3000/_next/static/chunks/137q_next_dist_0ewclpe._.js:776
[  228775ms] [LOG] [Fast Refresh] done in 115ms @ http://localhost:3000/_next/static/chunks/137q_next_dist_0ewclpe._.js:776
[  228823ms] [LOG] [Fast Refresh] done in 115ms @ http://localhost:3000/_next/static/chunks/137q_next_dist_0ewclpe._.js:776
[  228885ms] [LOG] [Fast Refresh] done in 115ms @ http://localhost:3000/_next/static/chunks/137q_next_dist_0ewclpe._.js:776
[  228932ms] [LOG] [Fast Refresh] done in 115ms @ http://localhost:3000/_next/static/chunks/137q_next_dist_0ewclpe._.js:776
[  228994ms] [LOG] [Fast Refresh] done in 115ms @ http://localhost:3000/_next/static/chunks/137q_next_dist_0ewclpe._.js:776
[  229042ms] [LOG] [Fast Refresh] done in 115ms @ http://localhost:3000/_next/static/chunks/137q_next_dist_0ewclpe._.js:776
[  229089ms] [LOG] [Fast Refresh] done in 115ms @ http://localhost:3000/_next/static/chunks/137q_next_dist_0ewclpe._.js:776
[  229152ms] [LOG] [Fast Refresh] done in 115ms @ http://localhost:3000/_next/static/chunks/137q_next_dist_0ewclpe._.js:776
[  229212ms] [LOG] [Fast Refresh] done in 115ms @ http://localhost:3000/_next/static/chunks/137q_next_dist_0ewclpe._.js:776
[  229275ms] [LOG] [Fast Refresh] done in 115ms @ http://localhost:3000/_next/static/chunks/137q_next_dist_0ewclpe._.js:776
[  229338ms] [LOG] [Fast Refresh] done in 115ms @ http://localhost:3000/_next/static/chunks/137q_next_dist_0ewclpe._.js:776
[  229385ms] [LOG] [Fast Refresh] done in 115ms @ http://localhost:3000/_next/static/chunks/137q_next_dist_0ewclpe._.js:776
[  229447ms] [LOG] [Fast Refresh] done in 115ms @ http://localhost:3000/_next/static/chunks/137q_next_dist_0ewclpe._.js:776
[  229509ms] [LOG] [Fast Refresh] done in 115ms @ http://localhost:3000/_next/static/chunks/137q_next_dist_0ewclpe._.js:776
[  229570ms] [LOG] [Fast Refresh] done in 115ms @ http://localhost:3000/_next/static/chunks/137q_next_dist_0ewclpe._.js:776
[  229632ms] [LOG] [Fast Refresh] done in 115ms @ http://localhost:3000/_next/static/chunks/137q_next_dist_0ewclpe._.js:776
[  229680ms] [LOG] [Fast Refresh] done in 115ms @ http://localhost:3000/_next/static/chunks/137q_next_dist_0ewclpe._.js:776
[  229726ms] [LOG] [Fast Refresh] done in 115ms @ http://localhost:3000/_next/static/chunks/137q_next_dist_0ewclpe._.js:776
[  229788ms] [LOG] [Fast Refresh] done in 115ms @ http://localhost:3000/_next/static/chunks/137q_next_dist_0ewclpe._.js:776
[  229850ms] [LOG] [Fast Refresh] done in 115ms @ http://localhost:3000/_next/static/chunks/137q_next_dist_0ewclpe._.js:776
[  229897ms] [LOG] [Fast Refresh] done in 115ms @ http://localhost:3000/_next/static/chunks/137q_next_dist_0ewclpe._.js:776
[  229945ms] [LOG] [Fast Refresh] done in 115ms @ http://localhost:3000/_next/static/chunks/137q_next_dist_0ewclpe._.js:776
[  230007ms] [LOG] [Fast Refresh] done in 115ms @ http://localhost:3000/_next/static/chunks/137q_next_dist_0ewclpe._.js:776
[  230069ms] [LOG] [Fast Refresh] done in 115ms @ http://localhost:3000/_next/static/chunks/137q_next_dist_0ewclpe._.js:776
[  230116ms] [LOG] [Fast Refresh] done in 115ms @ http://localhost:3000/_next/static/chunks/137q_next_dist_0ewclpe._.js:776
[  230178ms] [LOG] [Fast Refresh] done in 115ms @ http://localhost:3000/_next/static/chunks/137q_next_dist_0ewclpe._.js:776
[  230226ms] [LOG] [Fast Refresh] done in 115ms @ http://localhost:3000/_next/static/chunks/137q_next_dist_0ewclpe._.js:776
[  230288ms] [LOG] [Fast Refresh] done in 115ms @ http://localhost:3000/_next/static/chunks/137q_next_dist_0ewclpe._.js:776
[  230335ms] [LOG] [Fast Refresh] done in 115ms @ http://localhost:3000/_next/static/chunks/137q_next_dist_0ewclpe._.js:776
[  230382ms] [LOG] [Fast Refresh] done in 115ms @ http://localhost:3000/_next/static/chunks/137q_next_dist_0ewclpe._.js:776
[  230444ms] [LOG] [Fast Refresh] done in 115ms @ http://localhost:3000/_next/static/chunks/137q_next_dist_0ewclpe._.js:776
[  230490ms] [LOG] [Fast Refresh] done in 115ms @ http://localhost:3000/_next/static/chunks/137q_next_dist_0ewclpe._.js:776
[  230554ms] [LOG] [Fast Refresh] done in 115ms @ http://localhost:3000/_next/static/chunks/137q_next_dist_0ewclpe._.js:776
[  230601ms] [LOG] [Fast Refresh] done in 115ms @ http://localhost:3000/_next/static/chunks/137q_next_dist_0ewclpe._.js:776
[  230663ms] [LOG] [Fast Refresh] done in 115ms @ http://localhost:3000/_next/static/chunks/137q_next_dist_0ewclpe._.js:776
[  230711ms] [LOG] [Fast Refresh] done in 115ms @ http://localhost:3000/_next/static/chunks/137q_next_dist_0ewclpe._.js:776
[  230774ms] [LOG] [Fast Refresh] done in 115ms @ http://localhost:3000/_next/static/chunks/137q_next_dist_0ewclpe._.js:776
[  230836ms] [LOG] [Fast Refresh] done in 115ms @ http://localhost:3000/_next/static/chunks/137q_next_dist_0ewclpe._.js:776
[  230883ms] [LOG] [Fast Refresh] done in 115ms @ http://localhost:3000/_next/static/chunks/137q_next_dist_0ewclpe._.js:776
[  230944ms] [LOG] [Fast Refresh] done in 115ms @ http://localhost:3000/_next/static/chunks/137q_next_dist_0ewclpe._.js:776
[  230992ms] [LOG] [Fast Refresh] done in 115ms @ http://localhost:3000/_next/static/chunks/137q_next_dist_0ewclpe._.js:776
[  231054ms] [LOG] [Fast Refresh] done in 115ms @ http://localhost:3000/_next/static/chunks/137q_next_dist_0ewclpe._.js:776
[  231116ms] [LOG] [Fast Refresh] done in 115ms @ http://localhost:3000/_next/static/chunks/137q_next_dist_0ewclpe._.js:776
[  231178ms] [LOG] [Fast Refresh] done in 115ms @ http://localhost:3000/_next/static/chunks/137q_next_dist_0ewclpe._.js:776
[  231240ms] [LOG] [Fast Refresh] done in 115ms @ http://localhost:3000/_next/static/chunks/137q_next_dist_0ewclpe._.js:776
[  231302ms] [LOG] [Fast Refresh] done in 115ms @ http://localhost:3000/_next/static/chunks/137q_next_dist_0ewclpe._.js:776
[  231365ms] [LOG] [Fast Refresh] done in 115ms @ http://localhost:3000/_next/static/chunks/137q_next_dist_0ewclpe._.js:776
[  231427ms] [LOG] [Fast Refresh] done in 115ms @ http://localhost:3000/_next/static/chunks/137q_next_dist_0ewclpe._.js:776
[  231475ms] [LOG] [Fast Refresh] done in 115ms @ http://localhost:3000/_next/static/chunks/137q_next_dist_0ewclpe._.js:776
[  231537ms] [LOG] [Fast Refresh] done in 115ms @ http://localhost:3000/_next/static/chunks/137q_next_dist_0ewclpe._.js:776
[  231599ms] [LOG] [Fast Refresh] done in 115ms @ http://localhost:3000/_next/static/chunks/137q_next_dist_0ewclpe._.js:776
[  231661ms] [LOG] [Fast Refresh] done in 115ms @ http://localhost:3000/_next/static/chunks/137q_next_dist_0ewclpe._.js:776
[  231709ms] [LOG] [Fast Refresh] done in 115ms @ http://localhost:3000/_next/static/chunks/137q_next_dist_0ewclpe._.js:776
[  231771ms] [LOG] [Fast Refresh] done in 115ms @ http://localhost:3000/_next/static/chunks/137q_next_dist_0ewclpe._.js:776
[  231819ms] [LOG] [Fast Refresh] done in 115ms @ http://localhost:3000/_next/static/chunks/137q_next_dist_0ewclpe._.js:776
[  231882ms] [LOG] [Fast Refresh] done in 115ms @ http://localhost:3000/_next/static/chunks/137q_next_dist_0ewclpe._.js:776
[  231931ms] [LOG] [Fast Refresh] done in 115ms @ http://localhost:3000/_next/static/chunks/137q_next_dist_0ewclpe._.js:776
[  231993ms] [LOG] [Fast Refresh] done in 115ms @ http://localhost:3000/_next/static/chunks/137q_next_dist_0ewclpe._.js:776
[  232055ms] [LOG] [Fast Refresh] done in 115ms @ http://localhost:3000/_next/static/chunks/137q_next_dist_0ewclpe._.js:776
[  232117ms] [LOG] [Fast Refresh] done in 115ms @ http://localhost:3000/_next/static/chunks/137q_next_dist_0ewclpe._.js:776
[  232179ms] [LOG] [Fast Refresh] done in 115ms @ http://localhost:3000/_next/static/chunks/137q_next_dist_0ewclpe._.js:776
[  232227ms] [LOG] [Fast Refresh] done in 115ms @ http://localhost:3000/_next/static/chunks/137q_next_dist_0ewclpe._.js:776
[  232289ms] [LOG] [Fast Refresh] done in 115ms @ http://localhost:3000/_next/static/chunks/137q_next_dist_0ewclpe._.js:776
[  232353ms] [LOG] [Fast Refresh] done in 115ms @ http://localhost:3000/_next/static/chunks/137q_next_dist_0ewclpe._.js:776
[  232401ms] [LOG] [Fast Refresh] done in 115ms @ http://localhost:3000/_next/static/chunks/137q_next_dist_0ewclpe._.js:776
[  232463ms] [LOG] [Fast Refresh] done in 115ms @ http://localhost:3000/_next/static/chunks/137q_next_dist_0ewclpe._.js:776
[  232510ms] [LOG] [Fast Refresh] done in 115ms @ http://localhost:3000/_next/static/chunks/137q_next_dist_0ewclpe._.js:776
[  232573ms] [LOG] [Fast Refresh] done in 115ms @ http://localhost:3000/_next/static/chunks/137q_next_dist_0ewclpe._.js:776
[  232636ms] [LOG] [Fast Refresh] done in 115ms @ http://localhost:3000/_next/static/chunks/137q_next_dist_0ewclpe._.js:776
[  232698ms] [LOG] [Fast Refresh] done in 115ms @ http://localhost:3000/_next/static/chunks/137q_next_dist_0ewclpe._.js:776
[  232761ms] [LOG] [Fast Refresh] done in 115ms @ http://localhost:3000/_next/static/chunks/137q_next_dist_0ewclpe._.js:776
[  232825ms] [LOG] [Fast Refresh] done in 115ms @ http://localhost:3000/_next/static/chunks/137q_next_dist_0ewclpe._.js:776
[  232886ms] [LOG] [Fast Refresh] done in 115ms @ http://localhost:3000/_next/static/chunks/137q_next_dist_0ewclpe._.js:776
[  232950ms] [LOG] [Fast Refresh] done in 115ms @ http://localhost:3000/_next/static/chunks/137q_next_dist_0ewclpe._.js:776
[  232996ms] [LOG] [Fast Refresh] done in 115ms @ http://localhost:3000/_next/static/chunks/137q_next_dist_0ewclpe._.js:776
[  233058ms] [LOG] [Fast Refresh] done in 115ms @ http://localhost:3000/_next/static/chunks/137q_next_dist_0ewclpe._.js:776
[  233105ms] [LOG] [Fast Refresh] done in 115ms @ http://localhost:3000/_next/static/chunks/137q_next_dist_0ewclpe._.js:776
[  233168ms] [LOG] [Fast Refresh] done in 115ms @ http://localhost:3000/_next/static/chunks/137q_next_dist_0ewclpe._.js:776
[  233216ms] [LOG] [Fast Refresh] done in 115ms @ http://localhost:3000/_next/static/chunks/137q_next_dist_0ewclpe._.js:776
[  233264ms] [LOG] [Fast Refresh] done in 115ms @ http://localhost:3000/_next/static/chunks/137q_next_dist_0ewclpe._.js:776
[  233311ms] [LOG] [Fast Refresh] done in 115ms @ http://localhost:3000/_next/static/chunks/137q_next_dist_0ewclpe._.js:776
[  233373ms] [LOG] [Fast Refresh] done in 115ms @ http://localhost:3000/_next/static/chunks/137q_next_dist_0ewclpe._.js:776
[  233420ms] [LOG] [Fast Refresh] done in 115ms @ http://localhost:3000/_next/static/chunks/137q_next_dist_0ewclpe._.js:776
[  233482ms] [LOG] [Fast Refresh] done in 115ms @ http://localhost:3000/_next/static/chunks/137q_next_dist_0ewclpe._.js:776
[  233544ms] [LOG] [Fast Refresh] done in 115ms @ http://localhost:3000/_next/static/chunks/137q_next_dist_0ewclpe._.js:776
[  233607ms] [LOG] [Fast Refresh] done in 115ms @ http://localhost:3000/_next/static/chunks/137q_next_dist_0ewclpe._.js:776
[  233669ms] [LOG] [Fast Refresh] done in 115ms @ http://localhost:3000/_next/static/chunks/137q_next_dist_0ewclpe._.js:776
[  233731ms] [LOG] [Fast Refresh] done in 115ms @ http://localhost:3000/_next/static/chunks/137q_next_dist_0ewclpe._.js:776
[  233795ms] [LOG] [Fast Refresh] done in 115ms @ http://localhost:3000/_next/static/chunks/137q_next_dist_0ewclpe._.js:776
[  233857ms] [LOG] [Fast Refresh] done in 115ms @ http://localhost:3000/_next/static/chunks/137q_next_dist_0ewclpe._.js:776
[  233919ms] [LOG] [Fast Refresh] done in 115ms @ http://localhost:3000/_next/static/chunks/137q_next_dist_0ewclpe._.js:776
[  233981ms] [LOG] [Fast Refresh] done in 115ms @ http://localhost:3000/_next/static/chunks/137q_next_dist_0ewclpe._.js:776
[  234043ms] [LOG] [Fast Refresh] done in 115ms @ http://localhost:3000/_next/static/chunks/137q_next_dist_0ewclpe._.js:776
[  234105ms] [LOG] [Fast Refresh] done in 115ms @ http://localhost:3000/_next/static/chunks/137q_next_dist_0ewclpe._.js:776
[  234167ms] [LOG] [Fast Refresh] done in 115ms @ http://localhost:3000/_next/static/chunks/137q_next_dist_0ewclpe._.js:776
[  234228ms] [LOG] [Fast Refresh] done in 115ms @ http://localhost:3000/_next/static/chunks/137q_next_dist_0ewclpe._.js:776
[  234275ms] [LOG] [Fast Refresh] done in 115ms @ http://localhost:3000/_next/static/chunks/137q_next_dist_0ewclpe._.js:776
[  234339ms] [LOG] [Fast Refresh] done in 115ms @ http://localhost:3000/_next/static/chunks/137q_next_dist_0ewclpe._.js:776
[  234401ms] [LOG] [Fast Refresh] done in 115ms @ http://localhost:3000/_next/static/chunks/137q_next_dist_0ewclpe._.js:776
[  234448ms] [LOG] [Fast Refresh] done in 115ms @ http://localhost:3000/_next/static/chunks/137q_next_dist_0ewclpe._.js:776
[  234495ms] [LOG] [Fast Refresh] done in 115ms @ http://localhost:3000/_next/static/chunks/137q_next_dist_0ewclpe._.js:776
[  234557ms] [LOG] [Fast Refresh] done in 115ms @ http://localhost:3000/_next/static/chunks/137q_next_dist_0ewclpe._.js:776
[  234620ms] [LOG] [Fast Refresh] done in 115ms @ http://localhost:3000/_next/static/chunks/137q_next_dist_0ewclpe._.js:776
[  234667ms] [LOG] [Fast Refresh] done in 115ms @ http://localhost:3000/_next/static/chunks/137q_next_dist_0ewclpe._.js:776
[  234729ms] [LOG] [Fast Refresh] done in 115ms @ http://localhost:3000/_next/static/chunks/137q_next_dist_0ewclpe._.js:776
[  234791ms] [LOG] [Fast Refresh] done in 115ms @ http://localhost:3000/_next/static/chunks/137q_next_dist_0ewclpe._.js:776
[  234853ms] [LOG] [Fast Refresh] done in 115ms @ http://localhost:3000/_next/static/chunks/137q_next_dist_0ewclpe._.js:776
[  234914ms] [LOG] [Fast Refresh] done in 115ms @ http://localhost:3000/_next/static/chunks/137q_next_dist_0ewclpe._.js:776
[  234976ms] [LOG] [Fast Refresh] done in 115ms @ http://localhost:3000/_next/static/chunks/137q_next_dist_0ewclpe._.js:776
[  235039ms] [LOG] [Fast Refresh] done in 115ms @ http://localhost:3000/_next/static/chunks/137q_next_dist_0ewclpe._.js:776
[  235102ms] [LOG] [Fast Refresh] done in 115ms @ http://localhost:3000/_next/static/chunks/137q_next_dist_0ewclpe._.js:776
[  235164ms] [LOG] [Fast Refresh] done in 115ms @ http://localhost:3000/_next/static/chunks/137q_next_dist_0ewclpe._.js:776
[  235226ms] [LOG] [Fast Refresh] done in 115ms @ http://localhost:3000/_next/static/chunks/137q_next_dist_0ewclpe._.js:776
[  235273ms] [LOG] [Fast Refresh] done in 115ms @ http://localhost:3000/_next/static/chunks/137q_next_dist_0ewclpe._.js:776
[  235335ms] [LOG] [Fast Refresh] done in 115ms @ http://localhost:3000/_next/static/chunks/137q_next_dist_0ewclpe._.js:776
[  235382ms] [LOG] [Fast Refresh] done in 115ms @ http://localhost:3000/_next/static/chunks/137q_next_dist_0ewclpe._.js:776
[  235444ms] [LOG] [Fast Refresh] done in 115ms @ http://localhost:3000/_next/static/chunks/137q_next_dist_0ewclpe._.js:776
[  235492ms] [LOG] [Fast Refresh] done in 115ms @ http://localhost:3000/_next/static/chunks/137q_next_dist_0ewclpe._.js:776
[  235540ms] [LOG] [Fast Refresh] done in 115ms @ http://localhost:3000/_next/static/chunks/137q_next_dist_0ewclpe._.js:776
[  235602ms] [LOG] [Fast Refresh] done in 115ms @ http://localhost:3000/_next/static/chunks/137q_next_dist_0ewclpe._.js:776
[  235664ms] [LOG] [Fast Refresh] done in 115ms @ http://localhost:3000/_next/static/chunks/137q_next_dist_0ewclpe._.js:776
[  235726ms] [LOG] [Fast Refresh] done in 115ms @ http://localhost:3000/_next/static/chunks/137q_next_dist_0ewclpe._.js:776
[  235787ms] [LOG] [Fast Refresh] done in 115ms @ http://localhost:3000/_next/static/chunks/137q_next_dist_0ewclpe._.js:776
[  235849ms] [LOG] [Fast Refresh] done in 115ms @ http://localhost:3000/_next/static/chunks/137q_next_dist_0ewclpe._.js:776
[  235897ms] [LOG] [Fast Refresh] done in 115ms @ http://localhost:3000/_next/static/chunks/137q_next_dist_0ewclpe._.js:776
[  235959ms] [LOG] [Fast Refresh] done in 115ms @ http://localhost:3000/_next/static/chunks/137q_next_dist_0ewclpe._.js:776
[  236021ms] [LOG] [Fast Refresh] done in 115ms @ http://localhost:3000/_next/static/chunks/137q_next_dist_0ewclpe._.js:776
[  236081ms] [LOG] [Fast Refresh] done in 115ms @ http://localhost:3000/_next/static/chunks/137q_next_dist_0ewclpe._.js:776
[  236143ms] [LOG] [Fast Refresh] done in 115ms @ http://localhost:3000/_next/static/chunks/137q_next_dist_0ewclpe._.js:776
[  236191ms] [LOG] [Fast Refresh] done in 115ms @ http://localhost:3000/_next/static/chunks/137q_next_dist_0ewclpe._.js:776
[  236238ms] [LOG] [Fast Refresh] done in 115ms @ http://localhost:3000/_next/static/chunks/137q_next_dist_0ewclpe._.js:776
[  236301ms] [LOG] [Fast Refresh] done in 115ms @ http://localhost:3000/_next/static/chunks/137q_next_dist_0ewclpe._.js:776
[  236364ms] [LOG] [Fast Refresh] done in 115ms @ http://localhost:3000/_next/static/chunks/137q_next_dist_0ewclpe._.js:776
[  236411ms] [LOG] [Fast Refresh] done in 115ms @ http://localhost:3000/_next/static/chunks/137q_next_dist_0ewclpe._.js:776
[  236473ms] [LOG] [Fast Refresh] done in 115ms @ http://localhost:3000/_next/static/chunks/137q_next_dist_0ewclpe._.js:776
[  236536ms] [LOG] [Fast Refresh] done in 115ms @ http://localhost:3000/_next/static/chunks/137q_next_dist_0ewclpe._.js:776
[  236597ms] [LOG] [Fast Refresh] done in 115ms @ http://localhost:3000/_next/static/chunks/137q_next_dist_0ewclpe._.js:776
[  236658ms] [LOG] [Fast Refresh] done in 115ms @ http://localhost:3000/_next/static/chunks/137q_next_dist_0ewclpe._.js:776
[  236720ms] [LOG] [Fast Refresh] done in 115ms @ http://localhost:3000/_next/static/chunks/137q_next_dist_0ewclpe._.js:776
[  236783ms] [LOG] [Fast Refresh] done in 115ms @ http://localhost:3000/_next/static/chunks/137q_next_dist_0ewclpe._.js:776
[  236830ms] [LOG] [Fast Refresh] done in 115ms @ http://localhost:3000/_next/static/chunks/137q_next_dist_0ewclpe._.js:776
[  236893ms] [LOG] [Fast Refresh] done in 115ms @ http://localhost:3000/_next/static/chunks/137q_next_dist_0ewclpe._.js:776
[  236956ms] [LOG] [Fast Refresh] done in 115ms @ http://localhost:3000/_next/static/chunks/137q_next_dist_0ewclpe._.js:776
[  237018ms] [LOG] [Fast Refresh] done in 115ms @ http://localhost:3000/_next/static/chunks/137q_next_dist_0ewclpe._.js:776
[  237079ms] [LOG] [Fast Refresh] done in 115ms @ http://localhost:3000/_next/static/chunks/137q_next_dist_0ewclpe._.js:776
[  237127ms] [LOG] [Fast Refresh] done in 115ms @ http://localhost:3000/_next/static/chunks/137q_next_dist_0ewclpe._.js:776
[  237176ms] [LOG] [Fast Refresh] done in 115ms @ http://localhost:3000/_next/static/chunks/137q_next_dist_0ewclpe._.js:776
[  237223ms] [LOG] [Fast Refresh] done in 115ms @ http://localhost:3000/_next/static/chunks/137q_next_dist_0ewclpe._.js:776
[  237286ms] [LOG] [Fast Refresh] done in 115ms @ http://localhost:3000/_next/static/chunks/137q_next_dist_0ewclpe._.js:776
[  237347ms] [LOG] [Fast Refresh] done in 115ms @ http://localhost:3000/_next/static/chunks/137q_next_dist_0ewclpe._.js:776
[  237410ms] [LOG] [Fast Refresh] done in 115ms @ http://localhost:3000/_next/static/chunks/137q_next_dist_0ewclpe._.js:776
[  237473ms] [LOG] [Fast Refresh] done in 115ms @ http://localhost:3000/_next/static/chunks/137q_next_dist_0ewclpe._.js:776
[  237534ms] [LOG] [Fast Refresh] done in 115ms @ http://localhost:3000/_next/static/chunks/137q_next_dist_0ewclpe._.js:776
[  237598ms] [LOG] [Fast Refresh] done in 115ms @ http://localhost:3000/_next/static/chunks/137q_next_dist_0ewclpe._.js:776
[  237660ms] [LOG] [Fast Refresh] done in 115ms @ http://localhost:3000/_next/static/chunks/137q_next_dist_0ewclpe._.js:776
[  237707ms] [LOG] [Fast Refresh] done in 115ms @ http://localhost:3000/_next/static/chunks/137q_next_dist_0ewclpe._.js:776
[  237771ms] [LOG] [Fast Refresh] done in 115ms @ http://localhost:3000/_next/static/chunks/137q_next_dist_0ewclpe._.js:776
[  237832ms] [LOG] [Fast Refresh] done in 115ms @ http://localhost:3000/_next/static/chunks/137q_next_dist_0ewclpe._.js:776
[  237894ms] [LOG] [Fast Refresh] done in 115ms @ http://localhost:3000/_next/static/chunks/137q_next_dist_0ewclpe._.js:776
[  237956ms] [LOG] [Fast Refresh] done in 115ms @ http://localhost:3000/_next/static/chunks/137q_next_dist_0ewclpe._.js:776
[  238019ms] [LOG] [Fast Refresh] done in 115ms @ http://localhost:3000/_next/static/chunks/137q_next_dist_0ewclpe._.js:776
[  238068ms] [LOG] [Fast Refresh] done in 115ms @ http://localhost:3000/_next/static/chunks/137q_next_dist_0ewclpe._.js:776
[  238115ms] [LOG] [Fast Refresh] done in 115ms @ http://localhost:3000/_next/static/chunks/137q_next_dist_0ewclpe._.js:776
[  238177ms] [LOG] [Fast Refresh] done in 115ms @ http://localhost:3000/_next/static/chunks/137q_next_dist_0ewclpe._.js:776
[  238226ms] [LOG] [Fast Refresh] done in 115ms @ http://localhost:3000/_next/static/chunks/137q_next_dist_0ewclpe._.js:776
[  238273ms] [LOG] [Fast Refresh] done in 115ms @ http://localhost:3000/_next/static/chunks/137q_next_dist_0ewclpe._.js:776
[  238335ms] [LOG] [Fast Refresh] done in 115ms @ http://localhost:3000/_next/static/chunks/137q_next_dist_0ewclpe._.js:776
[  238397ms] [LOG] [Fast Refresh] done in 115ms @ http://localhost:3000/_next/static/chunks/137q_next_dist_0ewclpe._.js:776
[  238445ms] [LOG] [Fast Refresh] done in 115ms @ http://localhost:3000/_next/static/chunks/137q_next_dist_0ewclpe._.js:776
[  238493ms] [LOG] [Fast Refresh] done in 115ms @ http://localhost:3000/_next/static/chunks/137q_next_dist_0ewclpe._.js:776
[  238555ms] [LOG] [Fast Refresh] done in 115ms @ http://localhost:3000/_next/static/chunks/137q_next_dist_0ewclpe._.js:776
[  238602ms] [LOG] [Fast Refresh] done in 115ms @ http://localhost:3000/_next/static/chunks/137q_next_dist_0ewclpe._.js:776
[  238665ms] [LOG] [Fast Refresh] done in 115ms @ http://localhost:3000/_next/static/chunks/137q_next_dist_0ewclpe._.js:776
[  238727ms] [LOG] [Fast Refresh] done in 115ms @ http://localhost:3000/_next/static/chunks/137q_next_dist_0ewclpe._.js:776
[  238789ms] [LOG] [Fast Refresh] done in 115ms @ http://localhost:3000/_next/static/chunks/137q_next_dist_0ewclpe._.js:776
[  238851ms] [LOG] [Fast Refresh] done in 115ms @ http://localhost:3000/_next/static/chunks/137q_next_dist_0ewclpe._.js:776
[  238913ms] [LOG] [Fast Refresh] done in 115ms @ http://localhost:3000/_next/static/chunks/137q_next_dist_0ewclpe._.js:776
[  238960ms] [LOG] [Fast Refresh] done in 115ms @ http://localhost:3000/_next/static/chunks/137q_next_dist_0ewclpe._.js:776
[  239024ms] [LOG] [Fast Refresh] done in 115ms @ http://localhost:3000/_next/static/chunks/137q_next_dist_0ewclpe._.js:776
[  239085ms] [LOG] [Fast Refresh] done in 115ms @ http://localhost:3000/_next/static/chunks/137q_next_dist_0ewclpe._.js:776
[  239132ms] [LOG] [Fast Refresh] done in 115ms @ http://localhost:3000/_next/static/chunks/137q_next_dist_0ewclpe._.js:776
[  239194ms] [LOG] [Fast Refresh] done in 115ms @ http://localhost:3000/_next/static/chunks/137q_next_dist_0ewclpe._.js:776
[  239257ms] [LOG] [Fast Refresh] done in 115ms @ http://localhost:3000/_next/static/chunks/137q_next_dist_0ewclpe._.js:776
[  239320ms] [LOG] [Fast Refresh] done in 115ms @ http://localhost:3000/_next/static/chunks/137q_next_dist_0ewclpe._.js:776
[  239382ms] [LOG] [Fast Refresh] done in 115ms @ http://localhost:3000/_next/static/chunks/137q_next_dist_0ewclpe._.js:776
[  239445ms] [LOG] [Fast Refresh] done in 115ms @ http://localhost:3000/_next/static/chunks/137q_next_dist_0ewclpe._.js:776
[  239492ms] [LOG] [Fast Refresh] done in 115ms @ http://localhost:3000/_next/static/chunks/137q_next_dist_0ewclpe._.js:776
[  239554ms] [LOG] [Fast Refresh] done in 115ms @ http://localhost:3000/_next/static/chunks/137q_next_dist_0ewclpe._.js:776
[  239616ms] [LOG] [Fast Refresh] done in 115ms @ http://localhost:3000/_next/static/chunks/137q_next_dist_0ewclpe._.js:776
[  239679ms] [LOG] [Fast Refresh] done in 115ms @ http://localhost:3000/_next/static/chunks/137q_next_dist_0ewclpe._.js:776
[  239726ms] [LOG] [Fast Refresh] done in 115ms @ http://localhost:3000/_next/static/chunks/137q_next_dist_0ewclpe._.js:776
[  239788ms] [LOG] [Fast Refresh] done in 115ms @ http://localhost:3000/_next/static/chunks/137q_next_dist_0ewclpe._.js:776
[  239851ms] [LOG] [Fast Refresh] done in 115ms @ http://localhost:3000/_next/static/chunks/137q_next_dist_0ewclpe._.js:776
[  239913ms] [LOG] [Fast Refresh] done in 115ms @ http://localhost:3000/_next/static/chunks/137q_next_dist_0ewclpe._.js:776
[  239974ms] [LOG] [Fast Refresh] done in 115ms @ http://localhost:3000/_next/static/chunks/137q_next_dist_0ewclpe._.js:776
[  240035ms] [LOG] [Fast Refresh] done in 115ms @ http://localhost:3000/_next/static/chunks/137q_next_dist_0ewclpe._.js:776
[  240084ms] [LOG] [Fast Refresh] done in 115ms @ http://localhost:3000/_next/static/chunks/137q_next_dist_0ewclpe._.js:776
[  240147ms] [LOG] [Fast Refresh] done in 115ms @ http://localhost:3000/_next/static/chunks/137q_next_dist_0ewclpe._.js:776
[  240209ms] [LOG] [Fast Refresh] done in 115ms @ http://localhost:3000/_next/static/chunks/137q_next_dist_0ewclpe._.js:776
[  240257ms] [LOG] [Fast Refresh] done in 115ms @ http://localhost:3000/_next/static/chunks/137q_next_dist_0ewclpe._.js:776
[  240318ms] [LOG] [Fast Refresh] done in 115ms @ http://localhost:3000/_next/static/chunks/137q_next_dist_0ewclpe._.js:776
[  240381ms] [LOG] [Fast Refresh] done in 115ms @ http://localhost:3000/_next/static/chunks/137q_next_dist_0ewclpe._.js:776
[  240443ms] [LOG] [Fast Refresh] done in 115ms @ http://localhost:3000/_next/static/chunks/137q_next_dist_0ewclpe._.js:776
[  240506ms] [LOG] [Fast Refresh] done in 115ms @ http://localhost:3000/_next/static/chunks/137q_next_dist_0ewclpe._.js:776
[  240554ms] [LOG] [Fast Refresh] done in 115ms @ http://localhost:3000/_next/static/chunks/137q_next_dist_0ewclpe._.js:776
[  240601ms] [LOG] [Fast Refresh] done in 115ms @ http://localhost:3000/_next/static/chunks/137q_next_dist_0ewclpe._.js:776
[  240648ms] [LOG] [Fast Refresh] done in 115ms @ http://localhost:3000/_next/static/chunks/137q_next_dist_0ewclpe._.js:776
[  240695ms] [LOG] [Fast Refresh] done in 115ms @ http://localhost:3000/_next/static/chunks/137q_next_dist_0ewclpe._.js:776
[  240756ms] [LOG] [Fast Refresh] done in 115ms @ http://localhost:3000/_next/static/chunks/137q_next_dist_0ewclpe._.js:776
[  240818ms] [LOG] [Fast Refresh] done in 115ms @ http://localhost:3000/_next/static/chunks/137q_next_dist_0ewclpe._.js:776
[  240880ms] [LOG] [Fast Refresh] done in 115ms @ http://localhost:3000/_next/static/chunks/137q_next_dist_0ewclpe._.js:776
[  240942ms] [LOG] [Fast Refresh] done in 115ms @ http://localhost:3000/_next/static/chunks/137q_next_dist_0ewclpe._.js:776
[  240989ms] [LOG] [Fast Refresh] done in 115ms @ http://localhost:3000/_next/static/chunks/137q_next_dist_0ewclpe._.js:776
[  241052ms] [LOG] [Fast Refresh] done in 115ms @ http://localhost:3000/_next/static/chunks/137q_next_dist_0ewclpe._.js:776
[  241115ms] [LOG] [Fast Refresh] done in 115ms @ http://localhost:3000/_next/static/chunks/137q_next_dist_0ewclpe._.js:776
[  241176ms] [LOG] [Fast Refresh] done in 115ms @ http://localhost:3000/_next/static/chunks/137q_next_dist_0ewclpe._.js:776
[  241239ms] [LOG] [Fast Refresh] done in 115ms @ http://localhost:3000/_next/static/chunks/137q_next_dist_0ewclpe._.js:776
[  241302ms] [LOG] [Fast Refresh] done in 115ms @ http://localhost:3000/_next/static/chunks/137q_next_dist_0ewclpe._.js:776
[  241351ms] [LOG] [Fast Refresh] done in 115ms @ http://localhost:3000/_next/static/chunks/137q_next_dist_0ewclpe._.js:776
[  241410ms] [LOG] [Fast Refresh] done in 115ms @ http://localhost:3000/_next/static/chunks/137q_next_dist_0ewclpe._.js:776
[  241472ms] [LOG] [Fast Refresh] done in 115ms @ http://localhost:3000/_next/static/chunks/137q_next_dist_0ewclpe._.js:776
[  241534ms] [LOG] [Fast Refresh] done in 115ms @ http://localhost:3000/_next/static/chunks/137q_next_dist_0ewclpe._.js:776
[  241581ms] [LOG] [Fast Refresh] done in 115ms @ http://localhost:3000/_next/static/chunks/137q_next_dist_0ewclpe._.js:776
[  241645ms] [LOG] [Fast Refresh] done in 115ms @ http://localhost:3000/_next/static/chunks/137q_next_dist_0ewclpe._.js:776
[  241706ms] [LOG] [Fast Refresh] done in 115ms @ http://localhost:3000/_next/static/chunks/137q_next_dist_0ewclpe._.js:776
[  241754ms] [LOG] [Fast Refresh] done in 115ms @ http://localhost:3000/_next/static/chunks/137q_next_dist_0ewclpe._.js:776
[  241816ms] [LOG] [Fast Refresh] done in 115ms @ http://localhost:3000/_next/static/chunks/137q_next_dist_0ewclpe._.js:776
[  241878ms] [LOG] [Fast Refresh] done in 115ms @ http://localhost:3000/_next/static/chunks/137q_next_dist_0ewclpe._.js:776
[  241940ms] [LOG] [Fast Refresh] done in 115ms @ http://localhost:3000/_next/static/chunks/137q_next_dist_0ewclpe._.js:776
[  241988ms] [LOG] [Fast Refresh] done in 115ms @ http://localhost:3000/_next/static/chunks/137q_next_dist_0ewclpe._.js:776
[  242050ms] [LOG] [Fast Refresh] done in 115ms @ http://localhost:3000/_next/static/chunks/137q_next_dist_0ewclpe._.js:776
[  242114ms] [LOG] [Fast Refresh] done in 115ms @ http://localhost:3000/_next/static/chunks/137q_next_dist_0ewclpe._.js:776
[  242178ms] [LOG] [Fast Refresh] done in 115ms @ http://localhost:3000/_next/static/chunks/137q_next_dist_0ewclpe._.js:776
[  242241ms] [LOG] [Fast Refresh] done in 115ms @ http://localhost:3000/_next/static/chunks/137q_next_dist_0ewclpe._.js:776
[  242304ms] [LOG] [Fast Refresh] done in 115ms @ http://localhost:3000/_next/static/chunks/137q_next_dist_0ewclpe._.js:776
[  242366ms] [LOG] [Fast Refresh] done in 115ms @ http://localhost:3000/_next/static/chunks/137q_next_dist_0ewclpe._.js:776
[  242428ms] [LOG] [Fast Refresh] done in 115ms @ http://localhost:3000/_next/static/chunks/137q_next_dist_0ewclpe._.js:776
[  242491ms] [LOG] [Fast Refresh] done in 115ms @ http://localhost:3000/_next/static/chunks/137q_next_dist_0ewclpe._.js:776
[  242553ms] [LOG] [Fast Refresh] done in 115ms @ http://localhost:3000/_next/static/chunks/137q_next_dist_0ewclpe._.js:776
[  242615ms] [LOG] [Fast Refresh] done in 115ms @ http://localhost:3000/_next/static/chunks/137q_next_dist_0ewclpe._.js:776
[  242678ms] [LOG] [Fast Refresh] done in 115ms @ http://localhost:3000/_next/static/chunks/137q_next_dist_0ewclpe._.js:776
[  242726ms] [LOG] [Fast Refresh] done in 115ms @ http://localhost:3000/_next/static/chunks/137q_next_dist_0ewclpe._.js:776
[  242788ms] [LOG] [Fast Refresh] done in 115ms @ http://localhost:3000/_next/static/chunks/137q_next_dist_0ewclpe._.js:776
[  242836ms] [LOG] [Fast Refresh] done in 115ms @ http://localhost:3000/_next/static/chunks/137q_next_dist_0ewclpe._.js:776
[  242899ms] [LOG] [Fast Refresh] done in 115ms @ http://localhost:3000/_next/static/chunks/137q_next_dist_0ewclpe._.js:776
[  242947ms] [LOG] [Fast Refresh] done in 115ms @ http://localhost:3000/_next/static/chunks/137q_next_dist_0ewclpe._.js:776
[  243008ms] [LOG] [Fast Refresh] done in 115ms @ http://localhost:3000/_next/static/chunks/137q_next_dist_0ewclpe._.js:776
[  243070ms] [LOG] [Fast Refresh] done in 115ms @ http://localhost:3000/_next/static/chunks/137q_next_dist_0ewclpe._.js:776
[  243131ms] [LOG] [Fast Refresh] done in 115ms @ http://localhost:3000/_next/static/chunks/137q_next_dist_0ewclpe._.js:776
[  243209ms] [LOG] [Fast Refresh] rebuilding @ http://localhost:3000/_next/static/chunks/137q_next_dist_0ewclpe._.js:776
[  243271ms] [LOG] [Fast Refresh] done in 11ms @ http://localhost:3000/_next/static/chunks/137q_next_dist_0ewclpe._.js:776
[  243319ms] [LOG] [Fast Refresh] done in 11ms @ http://localhost:3000/_next/static/chunks/137q_next_dist_0ewclpe._.js:776
[  243367ms] [LOG] [Fast Refresh] done in 11ms @ http://localhost:3000/_next/static/chunks/137q_next_dist_0ewclpe._.js:776
[  243428ms] [LOG] [Fast Refresh] done in 11ms @ http://localhost:3000/_next/static/chunks/137q_next_dist_0ewclpe._.js:776
[  243489ms] [LOG] [Fast Refresh] done in 11ms @ http://localhost:3000/_next/static/chunks/137q_next_dist_0ewclpe._.js:776
[  243552ms] [LOG] [Fast Refresh] done in 11ms @ http://localhost:3000/_next/static/chunks/137q_next_dist_0ewclpe._.js:776
[  243614ms] [LOG] [Fast Refresh] done in 11ms @ http://localhost:3000/_next/static/chunks/137q_next_dist_0ewclpe._.js:776
[  243664ms] [LOG] [Fast Refresh] done in 11ms @ http://localhost:3000/_next/static/chunks/137q_next_dist_0ewclpe._.js:776
[  243727ms] [LOG] [Fast Refresh] done in 11ms @ http://localhost:3000/_next/static/chunks/137q_next_dist_0ewclpe._.js:776
[  243789ms] [LOG] [Fast Refresh] done in 11ms @ http://localhost:3000/_next/static/chunks/137q_next_dist_0ewclpe._.js:776
[  243851ms] [LOG] [Fast Refresh] done in 11ms @ http://localhost:3000/_next/static/chunks/137q_next_dist_0ewclpe._.js:776
[  243914ms] [LOG] [Fast Refresh] done in 11ms @ http://localhost:3000/_next/static/chunks/137q_next_dist_0ewclpe._.js:776
[  243976ms] [LOG] [Fast Refresh] done in 11ms @ http://localhost:3000/_next/static/chunks/137q_next_dist_0ewclpe._.js:776
[  244039ms] [LOG] [Fast Refresh] done in 11ms @ http://localhost:3000/_next/static/chunks/137q_next_dist_0ewclpe._.js:776
[  244101ms] [LOG] [Fast Refresh] done in 11ms @ http://localhost:3000/_next/static/chunks/137q_next_dist_0ewclpe._.js:776
[  244163ms] [LOG] [Fast Refresh] done in 11ms @ http://localhost:3000/_next/static/chunks/137q_next_dist_0ewclpe._.js:776
[  244225ms] [LOG] [Fast Refresh] done in 11ms @ http://localhost:3000/_next/static/chunks/137q_next_dist_0ewclpe._.js:776
[  244290ms] [LOG] [Fast Refresh] done in 11ms @ http://localhost:3000/_next/static/chunks/137q_next_dist_0ewclpe._.js:776
[  244353ms] [LOG] [Fast Refresh] done in 11ms @ http://localhost:3000/_next/static/chunks/137q_next_dist_0ewclpe._.js:776
[  244415ms] [LOG] [Fast Refresh] done in 11ms @ http://localhost:3000/_next/static/chunks/137q_next_dist_0ewclpe._.js:776
[  244476ms] [LOG] [Fast Refresh] done in 11ms @ http://localhost:3000/_next/static/chunks/137q_next_dist_0ewclpe._.js:776
[  244540ms] [LOG] [Fast Refresh] done in 11ms @ http://localhost:3000/_next/static/chunks/137q_next_dist_0ewclpe._.js:776
[  244601ms] [LOG] [Fast Refresh] done in 11ms @ http://localhost:3000/_next/static/chunks/137q_next_dist_0ewclpe._.js:776
[  244663ms] [LOG] [Fast Refresh] done in 11ms @ http://localhost:3000/_next/static/chunks/137q_next_dist_0ewclpe._.js:776
[  244725ms] [LOG] [Fast Refresh] done in 11ms @ http://localhost:3000/_next/static/chunks/137q_next_dist_0ewclpe._.js:776
[  244789ms] [LOG] [Fast Refresh] done in 11ms @ http://localhost:3000/_next/static/chunks/137q_next_dist_0ewclpe._.js:776
[  244835ms] [LOG] [Fast Refresh] done in 11ms @ http://localhost:3000/_next/static/chunks/137q_next_dist_0ewclpe._.js:776
[  244883ms] [LOG] [Fast Refresh] done in 11ms @ http://localhost:3000/_next/static/chunks/137q_next_dist_0ewclpe._.js:776
[  244947ms] [LOG] [Fast Refresh] done in 11ms @ http://localhost:3000/_next/static/chunks/137q_next_dist_0ewclpe._.js:776
[  245008ms] [LOG] [Fast Refresh] done in 11ms @ http://localhost:3000/_next/static/chunks/137q_next_dist_0ewclpe._.js:776
[  245069ms] [LOG] [Fast Refresh] done in 11ms @ http://localhost:3000/_next/static/chunks/137q_next_dist_0ewclpe._.js:776
[  245132ms] [LOG] [Fast Refresh] done in 11ms @ http://localhost:3000/_next/static/chunks/137q_next_dist_0ewclpe._.js:776
[  245180ms] [LOG] [Fast Refresh] done in 11ms @ http://localhost:3000/_next/static/chunks/137q_next_dist_0ewclpe._.js:776
[  245242ms] [LOG] [Fast Refresh] done in 11ms @ http://localhost:3000/_next/static/chunks/137q_next_dist_0ewclpe._.js:776
[  245303ms] [LOG] [Fast Refresh] done in 11ms @ http://localhost:3000/_next/static/chunks/137q_next_dist_0ewclpe._.js:776
[  245352ms] [LOG] [Fast Refresh] done in 11ms @ http://localhost:3000/_next/static/chunks/137q_next_dist_0ewclpe._.js:776
[  245399ms] [LOG] [Fast Refresh] done in 11ms @ http://localhost:3000/_next/static/chunks/137q_next_dist_0ewclpe._.js:776
[  245462ms] [LOG] [Fast Refresh] done in 11ms @ http://localhost:3000/_next/static/chunks/137q_next_dist_0ewclpe._.js:776
[  245525ms] [LOG] [Fast Refresh] done in 11ms @ http://localhost:3000/_next/static/chunks/137q_next_dist_0ewclpe._.js:776
[  245587ms] [LOG] [Fast Refresh] done in 11ms @ http://localhost:3000/_next/static/chunks/137q_next_dist_0ewclpe._.js:776
[  245649ms] [LOG] [Fast Refresh] done in 11ms @ http://localhost:3000/_next/static/chunks/137q_next_dist_0ewclpe._.js:776
[  245696ms] [LOG] [Fast Refresh] done in 11ms @ http://localhost:3000/_next/static/chunks/137q_next_dist_0ewclpe._.js:776
[  245759ms] [LOG] [Fast Refresh] done in 11ms @ http://localhost:3000/_next/static/chunks/137q_next_dist_0ewclpe._.js:776
[  245824ms] [LOG] [Fast Refresh] done in 11ms @ http://localhost:3000/_next/static/chunks/137q_next_dist_0ewclpe._.js:776
[  245887ms] [LOG] [Fast Refresh] done in 11ms @ http://localhost:3000/_next/static/chunks/137q_next_dist_0ewclpe._.js:776
[  245935ms] [LOG] [Fast Refresh] done in 11ms @ http://localhost:3000/_next/static/chunks/137q_next_dist_0ewclpe._.js:776
[  245996ms] [LOG] [Fast Refresh] done in 11ms @ http://localhost:3000/_next/static/chunks/137q_next_dist_0ewclpe._.js:776
[  246058ms] [LOG] [Fast Refresh] done in 11ms @ http://localhost:3000/_next/static/chunks/137q_next_dist_0ewclpe._.js:776
[  246119ms] [LOG] [Fast Refresh] done in 11ms @ http://localhost:3000/_next/static/chunks/137q_next_dist_0ewclpe._.js:776
[  246180ms] [LOG] [Fast Refresh] done in 11ms @ http://localhost:3000/_next/static/chunks/137q_next_dist_0ewclpe._.js:776
[  246242ms] [LOG] [Fast Refresh] done in 11ms @ http://localhost:3000/_next/static/chunks/137q_next_dist_0ewclpe._.js:776
[  246306ms] [LOG] [Fast Refresh] done in 11ms @ http://localhost:3000/_next/static/chunks/137q_next_dist_0ewclpe._.js:776
[  246353ms] [LOG] [Fast Refresh] done in 11ms @ http://localhost:3000/_next/static/chunks/137q_next_dist_0ewclpe._.js:776
[  246416ms] [LOG] [Fast Refresh] done in 11ms @ http://localhost:3000/_next/static/chunks/137q_next_dist_0ewclpe._.js:776
[  246463ms] [LOG] [Fast Refresh] done in 11ms @ http://localhost:3000/_next/static/chunks/137q_next_dist_0ewclpe._.js:776
[  246525ms] [LOG] [Fast Refresh] done in 11ms @ http://localhost:3000/_next/static/chunks/137q_next_dist_0ewclpe._.js:776
[  246588ms] [LOG] [Fast Refresh] done in 11ms @ http://localhost:3000/_next/static/chunks/137q_next_dist_0ewclpe._.js:776
[  246650ms] [LOG] [Fast Refresh] done in 11ms @ http://localhost:3000/_next/static/chunks/137q_next_dist_0ewclpe._.js:776
[  246699ms] [LOG] [Fast Refresh] done in 11ms @ http://localhost:3000/_next/static/chunks/137q_next_dist_0ewclpe._.js:776
[  246759ms] [LOG] [Fast Refresh] done in 11ms @ http://localhost:3000/_next/static/chunks/137q_next_dist_0ewclpe._.js:776
[  246807ms] [LOG] [Fast Refresh] done in 11ms @ http://localhost:3000/_next/static/chunks/137q_next_dist_0ewclpe._.js:776
[  246855ms] [LOG] [Fast Refresh] done in 11ms @ http://localhost:3000/_next/static/chunks/137q_next_dist_0ewclpe._.js:776
[  246917ms] [LOG] [Fast Refresh] done in 11ms @ http://localhost:3000/_next/static/chunks/137q_next_dist_0ewclpe._.js:776
[  246980ms] [LOG] [Fast Refresh] done in 11ms @ http://localhost:3000/_next/static/chunks/137q_next_dist_0ewclpe._.js:776
[  247042ms] [LOG] [Fast Refresh] done in 11ms @ http://localhost:3000/_next/static/chunks/137q_next_dist_0ewclpe._.js:776
[  247105ms] [LOG] [Fast Refresh] done in 11ms @ http://localhost:3000/_next/static/chunks/137q_next_dist_0ewclpe._.js:776
[  247168ms] [LOG] [Fast Refresh] done in 11ms @ http://localhost:3000/_next/static/chunks/137q_next_dist_0ewclpe._.js:776
[  247229ms] [LOG] [Fast Refresh] done in 11ms @ http://localhost:3000/_next/static/chunks/137q_next_dist_0ewclpe._.js:776
[  247292ms] [LOG] [Fast Refresh] done in 11ms @ http://localhost:3000/_next/static/chunks/137q_next_dist_0ewclpe._.js:776
[  247355ms] [LOG] [Fast Refresh] done in 11ms @ http://localhost:3000/_next/static/chunks/137q_next_dist_0ewclpe._.js:776
[  247418ms] [LOG] [Fast Refresh] done in 11ms @ http://localhost:3000/_next/static/chunks/137q_next_dist_0ewclpe._.js:776
[  247480ms] [LOG] [Fast Refresh] done in 11ms @ http://localhost:3000/_next/static/chunks/137q_next_dist_0ewclpe._.js:776
[  247541ms] [LOG] [Fast Refresh] done in 11ms @ http://localhost:3000/_next/static/chunks/137q_next_dist_0ewclpe._.js:776
[  247588ms] [LOG] [Fast Refresh] done in 11ms @ http://localhost:3000/_next/static/chunks/137q_next_dist_0ewclpe._.js:776
[  247637ms] [LOG] [Fast Refresh] done in 11ms @ http://localhost:3000/_next/static/chunks/137q_next_dist_0ewclpe._.js:776
[  247684ms] [LOG] [Fast Refresh] done in 11ms @ http://localhost:3000/_next/static/chunks/137q_next_dist_0ewclpe._.js:776
[  247746ms] [LOG] [Fast Refresh] done in 11ms @ http://localhost:3000/_next/static/chunks/137q_next_dist_0ewclpe._.js:776
[  247808ms] [LOG] [Fast Refresh] done in 11ms @ http://localhost:3000/_next/static/chunks/137q_next_dist_0ewclpe._.js:776
[  247870ms] [LOG] [Fast Refresh] done in 11ms @ http://localhost:3000/_next/static/chunks/137q_next_dist_0ewclpe._.js:776
[  247917ms] [LOG] [Fast Refresh] done in 11ms @ http://localhost:3000/_next/static/chunks/137q_next_dist_0ewclpe._.js:776
[  247978ms] [LOG] [Fast Refresh] done in 11ms @ http://localhost:3000/_next/static/chunks/137q_next_dist_0ewclpe._.js:776
[  248027ms] [LOG] [Fast Refresh] done in 11ms @ http://localhost:3000/_next/static/chunks/137q_next_dist_0ewclpe._.js:776
[  248088ms] [LOG] [Fast Refresh] done in 11ms @ http://localhost:3000/_next/static/chunks/137q_next_dist_0ewclpe._.js:776
[  248150ms] [LOG] [Fast Refresh] done in 11ms @ http://localhost:3000/_next/static/chunks/137q_next_dist_0ewclpe._.js:776
[  248212ms] [LOG] [Fast Refresh] done in 11ms @ http://localhost:3000/_next/static/chunks/137q_next_dist_0ewclpe._.js:776
[  248259ms] [LOG] [Fast Refresh] done in 11ms @ http://localhost:3000/_next/static/chunks/137q_next_dist_0ewclpe._.js:776
[  248321ms] [LOG] [Fast Refresh] done in 11ms @ http://localhost:3000/_next/static/chunks/137q_next_dist_0ewclpe._.js:776
[  248383ms] [LOG] [Fast Refresh] done in 11ms @ http://localhost:3000/_next/static/chunks/137q_next_dist_0ewclpe._.js:776
[  248444ms] [LOG] [Fast Refresh] done in 11ms @ http://localhost:3000/_next/static/chunks/137q_next_dist_0ewclpe._.js:776
[  248507ms] [LOG] [Fast Refresh] done in 11ms @ http://localhost:3000/_next/static/chunks/137q_next_dist_0ewclpe._.js:776
[  248570ms] [LOG] [Fast Refresh] done in 11ms @ http://localhost:3000/_next/static/chunks/137q_next_dist_0ewclpe._.js:776
[  248632ms] [LOG] [Fast Refresh] done in 11ms @ http://localhost:3000/_next/static/chunks/137q_next_dist_0ewclpe._.js:776
[  248694ms] [LOG] [Fast Refresh] done in 11ms @ http://localhost:3000/_next/static/chunks/137q_next_dist_0ewclpe._.js:776
[  248756ms] [LOG] [Fast Refresh] done in 11ms @ http://localhost:3000/_next/static/chunks/137q_next_dist_0ewclpe._.js:776
[  248818ms] [LOG] [Fast Refresh] done in 11ms @ http://localhost:3000/_next/static/chunks/137q_next_dist_0ewclpe._.js:776
[  248865ms] [LOG] [Fast Refresh] done in 11ms @ http://localhost:3000/_next/static/chunks/137q_next_dist_0ewclpe._.js:776
[  248927ms] [LOG] [Fast Refresh] done in 11ms @ http://localhost:3000/_next/static/chunks/137q_next_dist_0ewclpe._.js:776
[  248991ms] [LOG] [Fast Refresh] done in 11ms @ http://localhost:3000/_next/static/chunks/137q_next_dist_0ewclpe._.js:776
[  249053ms] [LOG] [Fast Refresh] done in 11ms @ http://localhost:3000/_next/static/chunks/137q_next_dist_0ewclpe._.js:776
[  249100ms] [LOG] [Fast Refresh] done in 11ms @ http://localhost:3000/_next/static/chunks/137q_next_dist_0ewclpe._.js:776
[  249163ms] [LOG] [Fast Refresh] done in 11ms @ http://localhost:3000/_next/static/chunks/137q_next_dist_0ewclpe._.js:776
[  249225ms] [LOG] [Fast Refresh] done in 11ms @ http://localhost:3000/_next/static/chunks/137q_next_dist_0ewclpe._.js:776
[  249288ms] [LOG] [Fast Refresh] done in 11ms @ http://localhost:3000/_next/static/chunks/137q_next_dist_0ewclpe._.js:776
[  249351ms] [LOG] [Fast Refresh] done in 11ms @ http://localhost:3000/_next/static/chunks/137q_next_dist_0ewclpe._.js:776
[  249413ms] [LOG] [Fast Refresh] done in 11ms @ http://localhost:3000/_next/static/chunks/137q_next_dist_0ewclpe._.js:776
[  249477ms] [LOG] [Fast Refresh] done in 11ms @ http://localhost:3000/_next/static/chunks/137q_next_dist_0ewclpe._.js:776
[  249540ms] [LOG] [Fast Refresh] done in 11ms @ http://localhost:3000/_next/static/chunks/137q_next_dist_0ewclpe._.js:776
[  249602ms] [LOG] [Fast Refresh] done in 11ms @ http://localhost:3000/_next/static/chunks/137q_next_dist_0ewclpe._.js:776
[  249664ms] [LOG] [Fast Refresh] done in 11ms @ http://localhost:3000/_next/static/chunks/137q_next_dist_0ewclpe._.js:776
[  249726ms] [LOG] [Fast Refresh] done in 11ms @ http://localhost:3000/_next/static/chunks/137q_next_dist_0ewclpe._.js:776
[  249788ms] [LOG] [Fast Refresh] done in 11ms @ http://localhost:3000/_next/static/chunks/137q_next_dist_0ewclpe._.js:776
[  249850ms] [LOG] [Fast Refresh] done in 11ms @ http://localhost:3000/_next/static/chunks/137q_next_dist_0ewclpe._.js:776
[  249912ms] [LOG] [Fast Refresh] done in 11ms @ http://localhost:3000/_next/static/chunks/137q_next_dist_0ewclpe._.js:776
[  249973ms] [LOG] [Fast Refresh] done in 11ms @ http://localhost:3000/_next/static/chunks/137q_next_dist_0ewclpe._.js:776
[  250036ms] [LOG] [Fast Refresh] done in 11ms @ http://localhost:3000/_next/static/chunks/137q_next_dist_0ewclpe._.js:776
[  250098ms] [LOG] [Fast Refresh] done in 11ms @ http://localhost:3000/_next/static/chunks/137q_next_dist_0ewclpe._.js:776
[  250160ms] [LOG] [Fast Refresh] done in 11ms @ http://localhost:3000/_next/static/chunks/137q_next_dist_0ewclpe._.js:776
[  250221ms] [LOG] [Fast Refresh] done in 11ms @ http://localhost:3000/_next/static/chunks/137q_next_dist_0ewclpe._.js:776
[  250283ms] [LOG] [Fast Refresh] done in 11ms @ http://localhost:3000/_next/static/chunks/137q_next_dist_0ewclpe._.js:776
[  250345ms] [LOG] [Fast Refresh] done in 11ms @ http://localhost:3000/_next/static/chunks/137q_next_dist_0ewclpe._.js:776
[  250408ms] [LOG] [Fast Refresh] done in 11ms @ http://localhost:3000/_next/static/chunks/137q_next_dist_0ewclpe._.js:776
[  250470ms] [LOG] [Fast Refresh] done in 11ms @ http://localhost:3000/_next/static/chunks/137q_next_dist_0ewclpe._.js:776
[  250531ms] [LOG] [Fast Refresh] done in 11ms @ http://localhost:3000/_next/static/chunks/137q_next_dist_0ewclpe._.js:776
[  250593ms] [LOG] [Fast Refresh] done in 11ms @ http://localhost:3000/_next/static/chunks/137q_next_dist_0ewclpe._.js:776
[  250825ms] [LOG] [Fast Refresh] rebuilding @ http://localhost:3000/_next/static/chunks/137q_next_dist_0ewclpe._.js:776
[  250851ms] [LOG] [Fast Refresh] done in 132ms @ http://localhost:3000/_next/static/chunks/137q_next_dist_0ewclpe._.js:776
[  250952ms] [LOG] [Fast Refresh] done in 132ms @ http://localhost:3000/_next/static/chunks/137q_next_dist_0ewclpe._.js:776
[  251040ms] [LOG] [Fast Refresh] done in 132ms @ http://localhost:3000/_next/static/chunks/137q_next_dist_0ewclpe._.js:776
[  251100ms] [LOG] [Fast Refresh] done in 132ms @ http://localhost:3000/_next/static/chunks/137q_next_dist_0ewclpe._.js:776
[  251157ms] [LOG] [Fast Refresh] done in 132ms @ http://localhost:3000/_next/static/chunks/137q_next_dist_0ewclpe._.js:776
[  251235ms] [LOG] [Fast Refresh] done in 132ms @ http://localhost:3000/_next/static/chunks/137q_next_dist_0ewclpe._.js:776
[  251317ms] [LOG] [Fast Refresh] done in 132ms @ http://localhost:3000/_next/static/chunks/137q_next_dist_0ewclpe._.js:776
[  251375ms] [LOG] [Fast Refresh] done in 132ms @ http://localhost:3000/_next/static/chunks/137q_next_dist_0ewclpe._.js:776
[  251453ms] [LOG] [Fast Refresh] done in 132ms @ http://localhost:3000/_next/static/chunks/137q_next_dist_0ewclpe._.js:776
[  251540ms] [LOG] [Fast Refresh] done in 132ms @ http://localhost:3000/_next/static/chunks/137q_next_dist_0ewclpe._.js:776
[  251620ms] [LOG] [Fast Refresh] done in 132ms @ http://localhost:3000/_next/static/chunks/137q_next_dist_0ewclpe._.js:776
[  251683ms] [LOG] [Fast Refresh] done in 132ms @ http://localhost:3000/_next/static/chunks/137q_next_dist_0ewclpe._.js:776
[  251779ms] [LOG] [Fast Refresh] done in 132ms @ http://localhost:3000/_next/static/chunks/137q_next_dist_0ewclpe._.js:776
[  251866ms] [LOG] [Fast Refresh] done in 132ms @ http://localhost:3000/_next/static/chunks/137q_next_dist_0ewclpe._.js:776
[  251938ms] [LOG] [Fast Refresh] done in 132ms @ http://localhost:3000/_next/static/chunks/137q_next_dist_0ewclpe._.js:776
[  251998ms] [LOG] [Fast Refresh] done in 132ms @ http://localhost:3000/_next/static/chunks/137q_next_dist_0ewclpe._.js:776
[  252071ms] [LOG] [Fast Refresh] done in 132ms @ http://localhost:3000/_next/static/chunks/137q_next_dist_0ewclpe._.js:776
[  252129ms] [LOG] [Fast Refresh] done in 132ms @ http://localhost:3000/_next/static/chunks/137q_next_dist_0ewclpe._.js:776
[  252203ms] [LOG] [Fast Refresh] done in 132ms @ http://localhost:3000/_next/static/chunks/137q_next_dist_0ewclpe._.js:776
[  252293ms] [LOG] [Fast Refresh] done in 132ms @ http://localhost:3000/_next/static/chunks/137q_next_dist_0ewclpe._.js:776
[  252362ms] [LOG] [Fast Refresh] done in 132ms @ http://localhost:3000/_next/static/chunks/137q_next_dist_0ewclpe._.js:776
[  252420ms] [LOG] [Fast Refresh] done in 132ms @ http://localhost:3000/_next/static/chunks/137q_next_dist_0ewclpe._.js:776
[  252482ms] [LOG] [Fast Refresh] done in 132ms @ http://localhost:3000/_next/static/chunks/137q_next_dist_0ewclpe._.js:776
[  252542ms] [LOG] [Fast Refresh] done in 132ms @ http://localhost:3000/_next/static/chunks/137q_next_dist_0ewclpe._.js:776
[  252604ms] [LOG] [Fast Refresh] done in 132ms @ http://localhost:3000/_next/static/chunks/137q_next_dist_0ewclpe._.js:776
[  252666ms] [LOG] [Fast Refresh] done in 132ms @ http://localhost:3000/_next/static/chunks/137q_next_dist_0ewclpe._.js:776
[  252728ms] [LOG] [Fast Refresh] done in 132ms @ http://localhost:3000/_next/static/chunks/137q_next_dist_0ewclpe._.js:776
[  252791ms] [LOG] [Fast Refresh] done in 132ms @ http://localhost:3000/_next/static/chunks/137q_next_dist_0ewclpe._.js:776
[  252853ms] [LOG] [Fast Refresh] done in 132ms @ http://localhost:3000/_next/static/chunks/137q_next_dist_0ewclpe._.js:776
[  252900ms] [LOG] [Fast Refresh] done in 132ms @ http://localhost:3000/_next/static/chunks/137q_next_dist_0ewclpe._.js:776
[  252964ms] [LOG] [Fast Refresh] done in 132ms @ http://localhost:3000/_next/static/chunks/137q_next_dist_0ewclpe._.js:776
[  253025ms] [LOG] [Fast Refresh] done in 132ms @ http://localhost:3000/_next/static/chunks/137q_next_dist_0ewclpe._.js:776
[  253088ms] [LOG] [Fast Refresh] done in 132ms @ http://localhost:3000/_next/static/chunks/137q_next_dist_0ewclpe._.js:776
[  253136ms] [LOG] [Fast Refresh] done in 132ms @ http://localhost:3000/_next/static/chunks/137q_next_dist_0ewclpe._.js:776
[  253199ms] [LOG] [Fast Refresh] done in 132ms @ http://localhost:3000/_next/static/chunks/137q_next_dist_0ewclpe._.js:776
[  253262ms] [LOG] [Fast Refresh] done in 132ms @ http://localhost:3000/_next/static/chunks/137q_next_dist_0ewclpe._.js:776
[  253324ms] [LOG] [Fast Refresh] done in 132ms @ http://localhost:3000/_next/static/chunks/137q_next_dist_0ewclpe._.js:776
[  253371ms] [LOG] [Fast Refresh] done in 132ms @ http://localhost:3000/_next/static/chunks/137q_next_dist_0ewclpe._.js:776
[  253433ms] [LOG] [Fast Refresh] done in 132ms @ http://localhost:3000/_next/static/chunks/137q_next_dist_0ewclpe._.js:776
[  253496ms] [LOG] [Fast Refresh] done in 132ms @ http://localhost:3000/_next/static/chunks/137q_next_dist_0ewclpe._.js:776
[  253557ms] [LOG] [Fast Refresh] done in 132ms @ http://localhost:3000/_next/static/chunks/137q_next_dist_0ewclpe._.js:776
[  253618ms] [LOG] [Fast Refresh] done in 132ms @ http://localhost:3000/_next/static/chunks/137q_next_dist_0ewclpe._.js:776
[  253680ms] [LOG] [Fast Refresh] done in 132ms @ http://localhost:3000/_next/static/chunks/137q_next_dist_0ewclpe._.js:776
[  253743ms] [LOG] [Fast Refresh] done in 132ms @ http://localhost:3000/_next/static/chunks/137q_next_dist_0ewclpe._.js:776
[  253807ms] [LOG] [Fast Refresh] done in 132ms @ http://localhost:3000/_next/static/chunks/137q_next_dist_0ewclpe._.js:776
[  253868ms] [LOG] [Fast Refresh] done in 132ms @ http://localhost:3000/_next/static/chunks/137q_next_dist_0ewclpe._.js:776
[  253931ms] [LOG] [Fast Refresh] done in 132ms @ http://localhost:3000/_next/static/chunks/137q_next_dist_0ewclpe._.js:776
[  253978ms] [LOG] [Fast Refresh] done in 132ms @ http://localhost:3000/_next/static/chunks/137q_next_dist_0ewclpe._.js:776
[  254040ms] [LOG] [Fast Refresh] done in 132ms @ http://localhost:3000/_next/static/chunks/137q_next_dist_0ewclpe._.js:776
[  254102ms] [LOG] [Fast Refresh] done in 132ms @ http://localhost:3000/_next/static/chunks/137q_next_dist_0ewclpe._.js:776
[  254164ms] [LOG] [Fast Refresh] done in 132ms @ http://localhost:3000/_next/static/chunks/137q_next_dist_0ewclpe._.js:776
[  254226ms] [LOG] [Fast Refresh] done in 132ms @ http://localhost:3000/_next/static/chunks/137q_next_dist_0ewclpe._.js:776
[  254289ms] [LOG] [Fast Refresh] done in 132ms @ http://localhost:3000/_next/static/chunks/137q_next_dist_0ewclpe._.js:776
[  254352ms] [LOG] [Fast Refresh] done in 132ms @ http://localhost:3000/_next/static/chunks/137q_next_dist_0ewclpe._.js:776
[  254415ms] [LOG] [Fast Refresh] done in 132ms @ http://localhost:3000/_next/static/chunks/137q_next_dist_0ewclpe._.js:776
[  254478ms] [LOG] [Fast Refresh] done in 132ms @ http://localhost:3000/_next/static/chunks/137q_next_dist_0ewclpe._.js:776
[  254540ms] [LOG] [Fast Refresh] done in 132ms @ http://localhost:3000/_next/static/chunks/137q_next_dist_0ewclpe._.js:776
[  254602ms] [LOG] [Fast Refresh] done in 132ms @ http://localhost:3000/_next/static/chunks/137q_next_dist_0ewclpe._.js:776
[  254664ms] [LOG] [Fast Refresh] done in 132ms @ http://localhost:3000/_next/static/chunks/137q_next_dist_0ewclpe._.js:776
[  254725ms] [LOG] [Fast Refresh] done in 132ms @ http://localhost:3000/_next/static/chunks/137q_next_dist_0ewclpe._.js:776
[  254773ms] [LOG] [Fast Refresh] done in 132ms @ http://localhost:3000/_next/static/chunks/137q_next_dist_0ewclpe._.js:776
[  254820ms] [LOG] [Fast Refresh] done in 132ms @ http://localhost:3000/_next/static/chunks/137q_next_dist_0ewclpe._.js:776
[  254884ms] [LOG] [Fast Refresh] done in 132ms @ http://localhost:3000/_next/static/chunks/137q_next_dist_0ewclpe._.js:776
[  254946ms] [LOG] [Fast Refresh] done in 132ms @ http://localhost:3000/_next/static/chunks/137q_next_dist_0ewclpe._.js:776
[  254994ms] [LOG] [Fast Refresh] done in 132ms @ http://localhost:3000/_next/static/chunks/137q_next_dist_0ewclpe._.js:776
[  255055ms] [LOG] [Fast Refresh] done in 132ms @ http://localhost:3000/_next/static/chunks/137q_next_dist_0ewclpe._.js:776
[  255102ms] [LOG] [Fast Refresh] done in 132ms @ http://localhost:3000/_next/static/chunks/137q_next_dist_0ewclpe._.js:776
[  255165ms] [LOG] [Fast Refresh] done in 132ms @ http://localhost:3000/_next/static/chunks/137q_next_dist_0ewclpe._.js:776
[  255227ms] [LOG] [Fast Refresh] done in 132ms @ http://localhost:3000/_next/static/chunks/137q_next_dist_0ewclpe._.js:776
[  255289ms] [LOG] [Fast Refresh] done in 132ms @ http://localhost:3000/_next/static/chunks/137q_next_dist_0ewclpe._.js:776
[  255352ms] [LOG] [Fast Refresh] done in 132ms @ http://localhost:3000/_next/static/chunks/137q_next_dist_0ewclpe._.js:776
[  255413ms] [LOG] [Fast Refresh] done in 132ms @ http://localhost:3000/_next/static/chunks/137q_next_dist_0ewclpe._.js:776
[  255475ms] [LOG] [Fast Refresh] done in 132ms @ http://localhost:3000/_next/static/chunks/137q_next_dist_0ewclpe._.js:776
[  255537ms] [LOG] [Fast Refresh] done in 132ms @ http://localhost:3000/_next/static/chunks/137q_next_dist_0ewclpe._.js:776
[  255599ms] [LOG] [Fast Refresh] done in 132ms @ http://localhost:3000/_next/static/chunks/137q_next_dist_0ewclpe._.js:776
